[
   {
      "id": "120363193226046057@g.us",
      "key": "sewa bot",
      "response": "*SEWA BOT WHATSAPP*͏͏͏͏͏͏͏͏͏͏͏͏͏͏͏͏͏͏͏͏͏͏͏͏͏͏͏͏͏͏͏͏͏͏͏͏͏͏͏͏͏͏͏͏͏͏͏͏͏͏͏͏͏͏͏͏͏͏͏͏͏͏͏͏͏͏͏͏͏͏͏͏͏͏͏͏͏͏͏͏͏͏͏͏͏͏͏͏͏͏͏͏͏͏͏͏͏͏͏͏͏͏͏͏͏͏͏͏͏͏͏͏͏͏͏͏͏͏͏͏͏͏͏͏͏͏͏͏͏͏͏͏͏͏͏͏͏͏͏͏͏͏͏͏͏͏͏͏͏͏͏͏͏͏͏͏͏͏͏͏͏͏͏͏͏͏͏͏͏͏͏͏͏͏͏͏͏͏͏͏͏͏͏͏͏͏͏͏͏͏͏͏͏͏͏͏͏͏͏͏͏͏͏͏͏͏͏͏͏͏͏͏͏͏͏͏͏͏͏͏͏͏͏͏͏͏͏͏͏͏͏͏͏͏͏͏͏͏͏͏͏͏͏͏͏͏͏͏͏͏͏͏͏͏͏͏͏͏͏͏͏͏͏͏͏͏͏͏͏͏͏͏͏͏͏͏͏͏͏͏͏͏͏͏͏͏͏͏͏͏͏͏͏͏͏͏͏͏͏͏͏͏͏͏͏͏͏͏͏͏͏͏͏͏͏͏͏͏͏͏͏͏͏͏͏͏͏͏͏͏͏͏͏͏͏͏͏͏͏͏͏͏͏͏͏͏͏͏͏͏͏͏͏͏͏͏͏͏͏͏͏͏͏͏͏͏͏͏͏͏͏͏͏͏͏͏͏͏͏͏͏͏͏͏͏͏͏͏͏͏͏͏͏͏͏͏͏͏͏͏͏͏͏͏͏͏͏͏͏͏͏͏͏͏͏͏͏͏͏͏͏͏͏͏͏͏͏͏͏͏͏͏͏͏͏͏͏͏͏͏͏͏͏͏͏͏͏͏͏͏͏͏͏͏͏͏͏͏͏͏͏͏͏͏͏͏͏͏͏͏͏͏͏͏͏͏͏͏͏͏͏͏͏͏͏͏͏͏͏͏͏͏͏͏͏͏͏͏͏͏͏͏͏͏͏͏͏͏͏͏͏͏͏͏͏͏͏͏͏͏͏͏͏͏͏͏͏͏͏͏͏͏͏͏͏͏͏͏͏͏͏͏͏͏͏͏͏͏͏͏͏͏͏͏͏͏͏͏͏͏͏͏͏͏͏͏͏͏͏͏͏͏͏͏͏͏͏͏͏͏͏͏͏͏͏͏͏͏͏͏͏͏͏͏͏͏͏͏͏͏͏͏͏͏͏͏͏͏͏͏͏͏͏͏͏͏͏͏͏͏͏͏͏͏͏͏͏͏͏͏͏͏͏͏͏͏͏͏͏͏͏͏͏͏͏͏͏͏͏͏͏͏͏͏͏͏͏͏͏͏͏͏͏͏͏͏͏͏͏͏͏͏͏͏͏͏͏͏͏͏͏͏͏͏͏͏͏͏͏͏͏͏͏͏͏͏͏͏͏͏͏͏͏͏͏͏͏͏͏͏͏͏͏͏͏͏͏͏͏͏͏͏͏͏͏͏͏͏͏͏͏͏͏͏͏͏͏͏͏͏͏͏͏͏͏͏͏͏͏͏͏͏͏͏͏͏͏͏͏͏͏͏͏͏͏͏͏͏͏͏͏͏͏͏͏͏͏͏͏͏͏͏͏͏͏͏͏͏͏͏͏͏͏͏͏͏͏͏͏͏͏͏͏͏͏͏͏͏͏͏͏͏͏͏͏͏͏͏͏͏͏͏͏͏͏͏͏͏͏͏͏͏͏͏͏͏͏͏͏͏͏͏͏͏͏͏͏͏͏͏͏͏͏͏͏͏͏͏͏͏͏͏͏͏͏͏͏͏͏͏͏͏͏͏͏͏͏͏͏͏͏͏͏͏͏͏͏͏͏͏͏͏͏͏͏͏͏͏͏͏͏͏͏͏͏͏͏͏͏͏͏͏͏͏͏͏͏͏͏͏͏͏͏͏͏͏͏͏͏͏͏͏͏͏͏͏͏͏͏͏͏͏͏͏͏͏͏͏͏͏͏͏͏͏͏͏͏͏͏͏͏͏͏͏͏͏͏͏͏͏͏͏͏͏͏͏͏͏͏͏͏͏͏͏͏͏͏͏͏͏͏͏͏͏͏͏͏͏͏͏͏͏͏͏͏͏͏͏͏͏͏͏͏͏͏͏͏͏͏͏͏͏͏͏͏͏͏͏͏͏͏͏͏͏͏͏͏͏͏͏͏͏͏͏͏͏͏͏͏͏͏͏͏͏͏͏͏͏͏͏͏͏͏͏͏͏͏͏͏͏͏͏͏͏͏͏͏͏͏͏͏͏͏͏͏͏͏͏͏͏͏͏͏͏͏͏͏͏͏͏͏͏͏͏͏͏͏͏͏͏͏͏͏͏͏͏͏͏͏͏͏͏͏͏͏͏͏͏͏͏͏͏͏͏͏͏͏͏͏͏͏͏͏͏͏͏͏͏͏͏͏͏͏͏͏͏͏͏͏͏͏͏͏͏͏͏͏͏͏͏͏͏͏͏͏͏͏͏͏͏͏͏͏͏͏͏͏͏͏͏͏͏͏͏͏͏͏͏͏͏͏͏͏͏͏͏͏͏͏͏͏͏͏͏͏͏͏͏͏͏͏͏͏͏͏͏͏͏͏͏͏͏͏͏͏͏͏͏͏͏͏͏͏͏͏͏͏͏͏͏͏͏͏͏͏͏͏͏͏͏͏͏͏͏͏͏͏͏͏͏͏͏͏͏͏͏͏͏͏͏͏͏͏͏͏͏͏͏͏͏͏͏͏͏͏͏͏͏͏͏͏͏͏͏͏͏͏͏͏͏͏͏͏͏͏͏͏͏͏͏͏͏͏͏͏͏͏͏͏͏͏͏͏͏͏͏͏͏͏͏͏͏͏͏͏͏͏͏͏͏͏͏͏͏͏͏͏͏͏͏͏͏͏͏͏͏͏͏͏͏͏͏͏͏͏͏͏͏͏͏͏͏͏͏͏͏͏͏͏͏͏͏͏͏͏͏͏͏͏͏͏͏͏͏͏͏͏͏͏͏͏͏͏͏͏͏͏͏͏͏͏͏͏͏͏͏͏͏͏͏͏͏͏͏͏͏͏͏͏͏͏͏͏͏͏͏͏͏͏͏͏͏͏͏͏͏͏͏͏͏͏͏͏͏͏͏͏͏͏͏͏͏͏͏͏͏͏͏͏͏͏͏͏͏͏͏͏͏͏͏͏͏͏͏͏͏͏͏͏͏͏͏͏͏͏͏͏͏͏͏͏͏͏͏͏͏͏͏͏͏͏͏͏͏͏͏͏͏͏͏͏͏͏͏͏͏͏͏͏͏͏͏͏͏͏͏͏͏͏͏͏͏͏͏͏͏͏͏͏͏͏͏͏͏͏͏͏͏͏͏͏͏͏͏͏͏͏͏͏͏͏͏͏͏͏͏͏͏͏͏͏͏͏͏͏͏͏͏͏͏͏͏͏͏͏͏͏͏͏͏͏͏͏͏͏͏͏͏͏͏͏͏͏͏͏͏͏͏͏͏͏͏͏͏͏͏͏͏͏͏͏͏͏͏͏͏͏͏͏͏͏͏͏͏͏͏͏͏͏͏͏͏͏͏͏͏͏͏͏͏͏͏͏͏͏͏͏͏͏͏͏͏͏͏͏͏͏͏͏͏͏͏͏͏͏͏͏͏͏͏͏͏͏͏͏͏͏͏͏͏͏͏͏͏͏͏͏͏͏͏͏͏͏͏͏͏͏͏͏͏͏͏͏͏͏͏͏͏͏͏͏͏͏͏͏͏͏͏͏͏͏͏͏͏͏͏͏͏͏͏͏͏͏͏͏͏͏͏͏͏͏͏͏͏͏͏͏͏͏͏͏͏͏͏͏͏͏͏͏͏͏͏͏͏͏͏͏͏͏͏͏͏͏͏͏͏͏͏͏͏͏͏͏͏͏͏͏͏͏͏͏͏͏͏͏͏͏͏͏͏͏͏͏͏͏͏͏͏͏͏͏͏͏͏͏͏͏͏͏͏͏͏͏͏͏͏͏͏͏͏͏͏͏͏͏͏͏͏͏͏͏͏͏͏͏͏͏͏͏͏͏͏͏͏͏͏͏͏͏͏͏͏͏͏͏͏͏͏͏͏͏͏͏͏͏͏͏͏͏͏͏͏͏͏͏͏͏͏͏͏͏͏͏͏͏͏͏͏͏͏͏͏͏͏͏͏͏͏͏͏͏͏͏͏͏͏͏͏͏͏͏͏͏͏͏͏͏͏͏͏͏͏͏͏͏͏͏͏͏͏͏͏͏͏͏͏͏͏͏͏͏͏͏͏͏͏͏͏͏͏͏͏͏͏͏͏͏͏͏͏͏͏͏͏͏͏͏͏͏͏͏͏͏͏͏͏͏͏͏͏͏͏͏͏͏͏͏͏͏͏͏͏͏͏͏͏͏͏͏͏͏͏͏͏͏͏͏͏͏͏͏͏͏͏͏͏͏͏͏͏͏͏͏͏͏͏͏͏͏͏͏͏͏͏͏͏͏͏͏͏͏͏͏͏͏͏͏͏͏͏͏͏͏͏͏͏͏͏͏͏͏͏͏͏͏͏͏͏͏͏͏͏͏͏͏͏͏͏͏͏͏͏͏͏͏͏͏͏͏͏͏͏͏͏͏͏͏͏͏͏͏͏͏͏͏͏͏͏͏͏͏͏͏͏͏͏͏͏͏͏͏͏͏͏͏͏͏͏͏͏͏͏͏͏͏͏͏͏͏͏͏͏͏͏͏͏͏͏͏͏͏͏͏͏͏͏͏͏͏͏͏͏͏͏͏͏͏͏͏͏͏͏͏͏͏͏͏͏͏͏͏͏͏͏͏͏͏͏͏͏͏͏͏͏͏͏͏͏͏͏͏͏͏͏͏͏͏͏͏͏͏͏͏͏͏͏͏͏͏͏͏͏͏͏͏͏͏͏͏͏͏͏͏͏͏͏͏͏͏͏͏͏͏͏͏͏͏͏͏͏͏͏͏͏͏͏͏͏͏͏͏͏͏͏͏͏͏͏͏͏͏͏͏͏͏͏͏͏͏͏͏͏͏͏͏͏͏͏͏͏͏͏͏͏͏͏͏͏͏͏͏͏͏͏͏͏͏͏͏͏͏͏͏͏͏͏͏͏͏͏͏͏͏͏͏͏͏͏͏͏͏͏͏͏͏͏͏͏͏͏͏͏͏͏͏͏͏͏͏͏͏͏͏͏͏͏͏͏͏͏͏͏͏͏͏͏͏͏͏͏͏͏͏͏͏͏͏͏͏͏͏͏͏͏͏͏͏͏͏͏͏͏͏͏͏͏͏͏͏͏͏͏͏͏͏͏͏͏͏͏͏͏͏͏͏͏͏͏͏͏͏͏͏͏͏͏͏͏͏͏͏͏͏͏͏͏͏͏͏͏͏͏͏͏͏͏͏͏͏͏͏͏͏͏͏͏͏͏͏͏͏͏͏͏͏͏͏͏͏͏͏͏͏͏͏͏͏͏͏͏͏͏͏͏͏͏͏͏͏͏͏͏͏͏͏͏͏͏͏͏͏͏͏͏͏͏͏͏͏͏͏͏͏͏͏͏͏͏͏͏͏͏͏͏͏͏͏͏͏͏͏͏͏͏͏͏͏͏͏͏͏͏͏͏͏͏͏͏͏͏͏͏͏͏͏͏͏͏͏͏͏͏͏͏͏͏͏͏͏͏͏͏͏͏͏͏͏͏͏͏͏͏͏͏͏͏͏͏͏͏͏͏͏͏͏͏͏͏͏͏͏͏͏͏͏͏͏͏͏͏͏͏͏͏͏͏͏͏͏͏͏͏͏͏͏͏͏͏͏͏͏͏͏͏͏͏͏͏͏͏͏͏͏͏͏͏͏͏͏͏͏͏͏͏͏͏͏͏͏͏͏͏͏͏͏͏͏͏͏͏͏͏͏͏͏͏͏͏͏͏͏͏͏͏͏͏͏͏͏͏͏͏͏͏͏͏͏͏͏͏͏͏͏͏͏͏͏͏͏͏͏͏͏͏͏͏͏͏͏͏͏͏͏͏͏͏͏͏͏͏͏͏͏͏͏͏͏͏͏͏͏͏͏͏͏͏͏͏͏͏͏͏͏͏͏͏͏͏͏͏͏͏͏͏͏͏͏͏͏͏͏͏͏͏͏͏͏͏͏͏͏͏͏͏͏͏͏͏͏͏͏͏͏͏͏͏͏͏͏͏͏͏͏͏͏͏͏͏͏͏͏͏͏͏͏͏͏͏͏͏͏͏͏͏͏͏͏͏͏͏͏͏͏͏͏͏͏͏͏͏͏͏͏͏͏͏͏͏͏͏͏͏͏͏͏͏͏͏͏͏͏͏͏͏͏͏͏͏͏͏͏͏͏͏͏͏͏͏͏͏͏͏͏͏͏͏͏͏͏͏͏͏͏͏͏͏͏͏͏͏͏͏͏͏͏͏͏͏͏͏͏͏͏͏͏͏͏͏͏͏͏͏͏͏͏͏͏͏͏͏͏͏͏͏͏͏͏͏͏͏͏͏͏͏͏͏͏͏͏͏͏͏͏͏͏͏͏͏͏͏͏͏͏͏͏͏͏͏͏͏͏͏͏͏͏͏͏͏͏͏͏͏͏͏͏͏͏͏͏͏͏͏͏͏͏͏͏͏͏͏͏͏͏͏͏͏͏͏͏͏͏͏͏͏͏͏͏͏͏͏͏͏͏͏͏͏͏͏͏͏͏͏͏͏͏͏͏͏͏͏͏͏͏͏͏͏͏͏͏͏͏͏͏͏͏͏͏͏͏͏͏͏͏͏͏͏͏͏͏͏͏͏͏͏͏͏͏͏͏͏͏͏͏͏͏͏͏͏͏͏͏͏͏͏͏͏͏͏͏͏͏͏͏͏͏͏͏͏͏͏͏͏͏͏͏͏͏͏͏͏͏͏͏͏͏͏͏͏͏͏͏͏͏͏͏͏͏͏͏͏͏͏͏͏͏͏͏͏͏͏͏͏͏͏͏͏͏͏͏͏͏͏͏͏͏͏͏͏͏͏͏͏͏͏͏͏͏͏͏͏͏͏͏͏͏͏͏͏͏͏͏͏͏͏͏͏͏͏͏͏͏͏͏͏͏͏͏͏͏͏͏͏͏͏͏͏͏͏͏͏͏͏͏͏͏͏͏͏͏͏͏͏͏͏͏͏͏͏͏͏͏͏͏͏͏͏͏͏͏͏͏͏͏͏͏͏͏͏͏͏͏͏͏͏͏͏͏͏͏͏͏͏͏͏͏͏͏͏͏͏͏͏͏͏͏͏͏͏͏͏͏͏͏͏͏͏͏͏͏͏͏͏͏͏͏͏͏͏͏͏͏͏͏͏͏͏͏͏͏͏͏͏͏͏͏͏͏͏͏͏͏͏͏͏͏͏͏͏͏͏͏͏͏͏͏͏͏͏͏͏͏͏͏͏͏͏͏͏͏͏͏͏͏͏͏͏͏͏͏͏͏͏͏͏͏͏͏͏͏͏͏͏͏͏͏͏͏͏͏͏͏͏͏͏͏͏͏͏͏͏͏͏͏͏͏͏͏͏͏͏͏͏͏͏͏͏͏͏͏͏͏͏͏͏͏͏͏͏͏͏͏͏͏͏͏͏͏͏͏͏͏͏͏͏͏͏͏͏͏͏͏͏͏͏͏͏͏͏͏͏͏͏͏͏͏͏͏͏͏͏͏͏͏͏͏͏͏͏͏͏͏͏͏͏͏͏͏͏͏͏͏͏͏͏͏͏͏͏͏͏͏͏͏͏͏͏͏͏͏͏͏͏͏͏͏͏͏͏͏͏͏͏͏͏͏͏͏͏͏͏͏͏͏͏͏͏͏͏͏͏͏͏͏͏͏͏͏͏͏͏͏͏͏͏͏͏͏͏͏͏͏͏͏͏͏͏͏͏͏͏͏͏͏͏͏͏͏͏͏͏͏͏͏͏͏͏͏͏͏͏͏͏͏͏͏͏͏͏͏͏͏͏͏͏͏\n\n*LAYANAN SEWA BOT WHATSAPP KHUSUS STORE*\n\n▶️ *SEWA BOT*\nRp 5.000 / Bulan\n\nKeuntungan :\n• bot on 24 jam\n• bot fast respon/no delay\n• bisa open/close grub\n• bisa addlist\n• bisa hidetag/tagall\n• setting payment (on)\n• proses/done (on)\n• welcome/leave (on)\n• convert sticker (on)\n• dll\n\n▶️ *JADI BOT + OWNER*\nRp 30.000 / Bulan\n\nKeuntungan :\n• bisa open sewa bot\n• bisa custom nama bot + owner\n• bisa custom foto menu bot\n• bot on 24 jam\n• bot fast respon/no delay\n• bisa open/close grub\n• bisa addlist\n• bisa hidetag/tagall\n• setting payment (on)\n• proses/done (on)\n• welcome/leave (on)\n• convert sticker (on)\n• dll\n\n*NOTE*\n✅ _1. khusus yang mau jadi owner + bot minimal ada 2 perangkat untuk scan qr_\n✅ _2. Database akan update setiap hari jam 23.59_\n✅ _cek fitur bot ketik .menu_",
      "isImage": false,
      "image_url": "-"
   },
   {
      "id": "120363410607735033@g.us",
      "key": "peler",
      "response": "yayaha",
      "isImage": false,
      "image_url": "-"
   },
   {
      "id": "120363410607735033@g.us",
      "key": "youtube",
      "response": "cek aja ya bg",
      "isImage": false,
      "image_url": "-"
   },
   {
      "id": "120363410607735033@g.us",
      "key": "capcut pro",
      "response": "kontolodon",
      "isImage": false,
      "image_url": "-"
   },
   {
      "id": "120363416082493329@g.us",
      "key": "youtube",
      "response": "jajak",
      "isImage": false,
      "image_url": "-"
   },
   {
      "id": "120363410607735033@g.us",
      "key": "canva",
      "response": "peler",
      "isImage": false,
      "image_url": "-"
   },
   {
      "id": "120363394371976542@g.us",
      "key": "diamond vilog",
      "response": "*𒋝︙ DENCOWPROJECT*\n 𝗺𝗼𝗯𝗶𝗹𝗲 𝗹𝗲𝗴𝗲𝗻𝗱𝘀 𝘃𝗶𝗹𝗼𝗴\n> 100% 𝗅𝖾𝗀𝖺𝗅 𝖻𝗎𝗄𝗍𝗂 𝗍𝗈𝗉 𝗎𝗉 *𝗀𝗈𝗈𝗀𝗅𝖾 𝗉𝗅𝖺𝗒 store*\n> 𝗅𝗈𝗀𝗂𝗇 𝗏𝗂𝖺 *𝗆𝗈𝗈𝗇𝗍𝗈𝗇, 𝖿𝖻, 𝗍𝗂𝗄𝗍𝗈𝗄, 𝗍𝖾𝗅𝖾, 𝗀𝗆𝖺𝗂𝗅*\n> d𝗂𝗆𝖺𝗂𝗇𝗄𝖺𝗇 𝖼𝗅/𝗋𝖺𝗇𝗄 1-3 𝗆𝖺𝗍𝖼𝗁\n> 𝗇𝖾𝗑𝗍 𝗈𝗋𝖽𝖾𝗋 *𝗍𝗂𝖽𝖺𝗄 𝗉𝖾𝗋𝗅𝗎 𝖽𝗂𝗆𝖺𝗂𝗇𝗄𝖺𝗇*\n> 𝖽𝖺𝗍𝖺 100% 𝖺𝗆𝖺𝗇\n\n=͟͟͞🎀 𝗱𝗶𝗮𝗺𝗼𝗻𝗱𝘀\n♡⃝🔮 ฺ ๋ 275💎 = Rp 67.000\n♡⃝🔮 ฺ ๋ 330💎 = Rp 80.000\n♡⃝🔮 ฺ ๋ 440💎 = Rp 105.000\n♡⃝🔮 ฺ ๋ 565💎 = Rp 129.000\n♡⃝🔮 ฺ ๋ 620💎 = Rp 142.000\n♡⃝🔮 ฺ ๋ 730💎 = Rp 167.000\n♡⃝🔮 ฺ ๋ 840💎 = Rp 196.000\n♡⃝🔮 ฺ ๋ 1005💎 = Rp 234.000\n♡⃝🔮 ฺ ๋ 1155💎 = Rp 245.000\n♡⃝🔮 ฺ ๋ 1430💎 = Rp 312.000\n♡⃝🔮 ฺ ๋ 1765💎 = Rp 363.000\n♡⃝🔮 ฺ ๋ 2040💎 = Rp 430.000\n♡⃝🔮 ฺ ๋ 2330💎 = Rp 492.000\n♡⃝🔮 ฺ ๋ 2975💎 = Rp 580.000\n♡⃝🔮 ฺ ๋ 3140💎 = Rp 619.000\n♡⃝🔮 ฺ ๋ 3540💎 = Rp 709.000\n♡⃝🔮 ฺ ๋ 4130💎 = Rp 825.000\n♡⃝🔮 ฺ ๋ 4405💎 = Rp 892.000\n♡⃝🔮 ฺ ๋ 4740💎 = Rp 943.000\n♡⃝🔮 ฺ ๋ 5305💎 = Rp 1.072.000\n♡⃝🔮 ฺ ๋ 6000💎 = Rp 1.150.000\n\n=͟͟͞🎀 𝘀𝗽𝗲𝗰𝗶𝗮𝗹 𝗯𝘂𝗻𝗱𝗹𝗲\n♡⃝🔮 ฺ ๋ 𝖾𝗉𝗂𝖼 𝖻𝗎𝗇𝖽𝗅𝖾 = Rp 67.000\n♡⃝🔮 ฺ ๋ 𝖾𝗅𝗂𝗍𝖾 𝖻𝗎𝗇𝖽𝗅𝖾 = Rp 14.000\n♡⃝🔮 ฺ ๋ 𝗍𝗐𝗂𝗅𝗂𝗀𝗁𝗍 𝗉𝖺𝗌𝗌 = Rp 129.000",
      "isImage": false,
      "image_url": "-"
   },
   {
      "id": "120363394371976542@g.us",
      "key": "joki mlbb",
      "response": "JOKI AWAL SEASON BY DENCOWPROJECT\n\nEPIC/🌟 - 7K\nLEGEND/🌟 - 8K\nMYTIK/🌟-16K\n\nWORKER GAUSAH DI RAGUIN NO WLWL , FREE WDP SETIAP ORDER JOKI MINIMAL 25🌟",
      "isImage": false,
      "image_url": "-"
   },
   {
      "id": "120363394371976542@g.us",
      "key": "starlight",
      "response": "STARLIGHT VIA GIFT (7 HARI )\n\nBasic = 40.000 IDR\nPremium = 90.000 IDR\n\nHarga VIP / RESSELER \nCp 📞 : 081319599190",
      "isImage": false,
      "image_url": "-"
   },
   {
      "id": "120363394371976542@g.us",
      "key": "wdp",
      "response": "WEEKLY DIAMOND PASS FAST &PRE ORDER\n\nWDP FAST : 27.000\nWDP PRE ORDER : 23.000\n\nPROMO TANYAKAN ADMIN",
      "isImage": false,
      "image_url": "-"
   },
   {
      "id": "120363394371976542@g.us",
      "key": "payment",
      "response": "𒋝︙ *DENCOWPROJECT* \n\n╭• *𝗀𝗈𝗉𝖺𝗒*: 081319599190\n╰• 𝖠/𝖭 R WISNU NARENDRA\n╭• *dana*: 081319599190\n╰• A/N R WISNU NARENDRA\n╭• *𝗊𝗋𝗂𝗌*: _𝗆𝗂𝗇𝗍𝖺 𝗄𝖾 𝖺𝖽𝗆𝗂𝗇_\n╰• 081319599190\n╭• *BCA*: 5781107400\n╰• *A/N* R WISNU NARENDRA",
      "isImage": false,
      "image_url": "-"
   },
   {
      "id": "120363394371976542@g.us",
      "key": "format order",
      "response": "*FORMAT ORDER* _DENCOW PROJECT_ \n\nID ( Server ) : \nNick : \nOrder : \nPayment : \n\n_KESALAHAN ID SERVER BUKAN TANGGUNG JAWAB KAMI_",
      "isImage": false,
      "image_url": "-"
   },
   {
      "id": "120363394371976542@g.us",
      "key": "dencow support",
      "response": "Link website : https://dencowproject.biz.id/\nTiktok⭐ : @dencow.project\nig⭐ : dencow.project\n\nKODE PROMO WEB : SUSUDENCOW\nJOIN VIP / RESSELER 100K",
      "isImage": false,
      "image_url": "-"
   },
   {
      "id": "120363410607735033@g.us",
      "key": "test",
      "response": "test4",
      "isImage": true,
      "image_url": "https://files.catbox.moe/96ijac.jpg"
   }
]