{"version":28,"hash":{"type":"Buffer","data":"c91pLA/SSxlk4JwDW5NoVXvxXuFPIbPdRf9RzFs/cbPLLR1jd8rEuKgH+u92N09247y442x656BnbhZYKsFoJcQEUubuxpKILli4aFhQGan7s+FLKyM1D5nANkfcGUCUUaFylZeJbJi8JsmhwHP1FLV8BKtXg7berJ1uLr7P2OM="},"indexValueMap":{"9D5NUQwkb8yHoIISTsIchJxFbSsP/aNydaBQcRufmzM=":{"valueMac":{"type":"Buffer","data":"kkBdQXEfgz/lCykOJZc6i2H8OiNLcoLWBcFdN6jl+0A="}},"uhrUhM405npZbifBY5GodfrkOOJxl8+UvDih95Xesyk=":{"valueMac":{"type":"Buffer","data":"AmcuiFl5VelIKRS3WwTUK60oHCY5VNBe7y7wU8c4VQQ="}},"1twLhrIzIQ3BILpB1yRGPpPlqxT5ZdeLK4apA/FRTU4=":{"valueMac":{"type":"Buffer","data":"fPA3Sg+Ir4xIIAn2YVGsS5VBWr3JGxn0qSOZ1yRKYD0="}}}}