{"version":28,"hash":{"type":"Buffer","data":"28tuhmrkyFmBh4A31W4493DjRxwzroPjSoiCpSff9lbw2otoBY127q2ou7dJ0yYTT4Ej0R6qoRqfyRMBpZmkdOccoYmgzFUWvHu9X0K2CfnUJme93Sw+P4wjQ2JwPHhzt/r3OPgCzXgdUruZJ5c9+2AmDAz66JiK5xba2Z9IhoM="},"indexValueMap":{"TBIyUJB3XJdnDd3f93JZCvXbPEQRXTAyUnKJ1Rfv93g=":{"valueMac":{"type":"Buffer","data":"jakcpbrDJZEqrp5T/TCENheHy3AHs/8m+PqJwmFfQVE="}},"f+dnP7W3Yc4zcnOz1oi81kCUASZouelj6CtJb1z/5/U=":{"valueMac":{"type":"Buffer","data":"hrq6nLwyL3sns6f233LBjPAooxA/gvMSVjFvimNXKu0="}},"T9uv269UFT2tRnOc1EqOdMb8r7rQvgOJt378fer5nYg=":{"valueMac":{"type":"Buffer","data":"LaGu8WwDtI04fLt5l2qn4tV7JbGcC7D4ZQIB12O0Ids="}},"FwXwIJsALKzNvpLZX5dLWl1tN3am5cpeDJTgLm57/C4=":{"valueMac":{"type":"Buffer","data":"ojhRdfWFpJe1P+aRTnVu5RSmmiUFGr3FhKs2q/nxWpg="}}}}