{"noiseKey":{"private":{"type":"Buffer","data":"sF7GeBsR0hA8haOlESk2EqskFGrjjWa+EnmKwk0/4Eg="},"public":{"type":"Buffer","data":"7iwYI9/gmst8FUwU7VkViaxr3y/Fx5BL+Efd5YxB/Wk="}},"pairingEphemeralKeyPair":{"private":{"type":"Buffer","data":"2AB9rOSh1VjOgpsYDW/gOOqhekH6oPxFebQ7QVEDN30="},"public":{"type":"Buffer","data":"z16GPb7oiYYdrRKKNE5aguvhapYtcfXI4Dlv1eWatUc="}},"signedIdentityKey":{"private":{"type":"Buffer","data":"UGTNdXexOm0+RIQ5PGH7+WRRhzLaKIcmYf2UEhv25Vw="},"public":{"type":"Buffer","data":"ocN7e8ibxJ5KKBENUD50d+K/FfQyGlP+tjCGmfpBdTQ="}},"signedPreKey":{"keyPair":{"private":{"type":"Buffer","data":"ODExL+wOuOwyLq5PH6ja8JcPQkJB6dox1PWLa4TtMkM="},"public":{"type":"Buffer","data":"vYsKSYr1WIwON5pJdEqfA+mA9ivgpIqIizWkhhd2DRg="}},"signature":{"type":"Buffer","data":"p/QLCAtIwXnTrdNE5EJQiVotxUBWpUyRgPFSVXvlMxebbSwNaVfAK/J6a6hlcy6lqyxoBujKtDqktrvNeq2mjg=="},"keyId":1},"registrationId":201,"advSecretKey":"1eCCDYDRT8hNYaBPE4uh5wDU0QUE1qbw0K9TsYmUdAE=","processedHistoryMessages":[{"key":{"remoteJid":"6285281595013@s.whatsapp.net","fromMe":true,"id":"A131DFD3A3F1F4D35FC6F90EEBCE57DB"},"messageTimestamp":1742153266},{"key":{"remoteJid":"6285281595013@s.whatsapp.net","fromMe":true,"id":"059BA040E5E2114F8CFAC4CFE25242FC"},"messageTimestamp":1742153267}],"nextPreKeyId":32,"firstUnuploadedPreKeyId":32,"accountSyncCounter":1,"accountSettings":{"unarchiveChats":false},"deviceId":"uydD6aefTYKrzm8vYNthCg","phoneId":"aae0e4c2-316a-4217-8f24-0164e925d326","identityId":{"type":"Buffer","data":"oEMN6weT1EAMDKhNEOqizqsSRTM="},"registered":false,"backupToken":{"type":"Buffer","data":"6/ojb0w4e2HINv+Vf5Oc1yyJj8o="},"registration":{},"account":{"details":"CNWhuJAHEK7M3L4GGBQgACgA","accountSignatureKey":"MVapAamtvanDPO+sRcgxfPpJm2J1nbbcr5SnERTeJU4=","accountSignature":"sdnwcq82n6WMYz9YuD32Dt/735RLvdoWDfufoa+P+zKpEcntVO/H7Ge7Zx4TtsBh5wxFquQ4RpvzLqU40Z2dCQ==","deviceSignature":"kFje9y2i47RVOstvRBPV+qN98Wn0Ru/6dRiNKaI0Wm+RVTrHNCc3ZwIQ/3mj2xhlDsmrWGKhvZmj4Q95XXr9jw=="},"me":{"id":"6285281595013:41@s.whatsapp.net","name":"Sewa Bot Ini Cuma 5k"},"signalIdentities":[{"identifier":{"name":"6285281595013:41@s.whatsapp.net","deviceId":0},"identifierKey":{"type":"Buffer","data":"BTFWqQGprb2pwzzvrEXIMXz6SZtidZ223K+UpxEU3iVO"}}],"platform":"android","lastAccountSyncTimestamp":1742157145,"myAppStateKeyId":"AAAAABy0"}