[{"senderKeyId":1147166425,"senderChainKey":{"iteration":197,"seed":"cmjRiynAa243YaVNxrlpZl0+WEx9YyYSReryp5kRWTE="},"senderSigningKey":{"public":"BcdWYqpcwdAf22Re7eDbJ2SFCJFDhea8n02fZIvFjx0h","private":"yOEWOHCzYw7jSU50815yBYZdfJq003Cdnxtg1mHux20="},"senderMessageKeys":[{},{},{},{},{},{},{},{},{},{},{},{},{},{},{},{},{},{},{},{},{},{},{},{},{},{},{},{},{},{},{},{},{},{},{},{},{},{},{},{},{},{},{},{},{},{},{},{},{},{},{},{},{},{},{},{},{},{},{},{},{},{},{},{},{},{},{},{},{},{},{},{},{},{},{},{},{},{},{},{},{},{},{},{},{},{},{},{},{},{},{},{},{},{},{},{},{},{}]}]