{"_sessions":{"BX1TKRz1KQFC+/UJcKxPyNw/J11WvrxwSPV/ViySvglD":{"registrationId":72238032,"currentRatchet":{"ephemeralKeyPair":{"pubKey":"BT93blOyQ/lcFIEfL6q+BbqV1pYcyibTYGAR4EeKdklj","privKey":"WAgttPraZBjQsieOtHbzzjqSH4s/pCbuVyve1pbWNHs="},"lastRemoteEphemeralKey":"Bfq0PMOpXrjvOSUuLZUftgCmjrFR1JJuBITAeeJK2oBN","previousCounter":0,"rootKey":"tgQGO4paDaegPkQgGMK3FxRPx+Qu+WPGwJw3TOnRp+0="},"indexInfo":{"baseKey":"BX1TKRz1KQFC+/UJcKxPyNw/J11WvrxwSPV/ViySvglD","baseKeyType":1,"closed":-1,"used":1742228575100,"created":1742228575100,"remoteIdentityKey":"BeixJeDFdhMfbcCeQmFaq96CPWuhy01o/EsO0dQhnHwX"},"_chains":{"BT93blOyQ/lcFIEfL6q+BbqV1pYcyibTYGAR4EeKdklj":{"chainKey":{"counter":0,"key":"GjgdjuMbE1JOfj9qjhNYRVwbdIl5HBbYC8Em1A5ipQI="},"chainType":1,"messageKeys":{}}},"pendingPreKey":{"signedKeyId":0,"baseKey":"BX1TKRz1KQFC+/UJcKxPyNw/J11WvrxwSPV/ViySvglD","preKeyId":16251167}}},"version":"v1"}