{"_sessions":{"Bc7FSz9AXTGFyI2gX0oxbzLgpVXpq15WGJtNQDQ5yppN":{"registrationId":14405,"currentRatchet":{"ephemeralKeyPair":{"pubKey":"Bdc2hJ/MDoP1nQBRFos7PFlqp11qvcdzNPVc7KqtZzFH","privKey":"mFgLCbknxGwzSfjUrhNIkMMqQeB1izBfyF/LqW84vGY="},"lastRemoteEphemeralKey":"BRmKJTSUDQgO+pjnX/i2uc83ojCcJTi4kYykifGEWUUS","previousCounter":0,"rootKey":"KNCHF6hEKLOpREqQ/gyktEhUZXUBuQc0ZyTyEGlAm1s="},"indexInfo":{"baseKey":"Bc7FSz9AXTGFyI2gX0oxbzLgpVXpq15WGJtNQDQ5yppN","baseKeyType":1,"closed":-1,"used":1742153282246,"created":1742153282246,"remoteIdentityKey":"BT9qgUpys2PMA24pJudbw27zf6df14321uzsfUfauT5q"},"_chains":{"Bdc2hJ/MDoP1nQBRFos7PFlqp11qvcdzNPVc7KqtZzFH":{"chainKey":{"counter":1,"key":"m+KRfrrC7ROmR18HgCFhUl2wlNmMHB7WOqkFzCCep2s="},"chainType":1,"messageKeys":{}}},"pendingPreKey":{"signedKeyId":1,"baseKey":"Bc7FSz9AXTGFyI2gX0oxbzLgpVXpq15WGJtNQDQ5yppN","preKeyId":416}}},"version":"v1"}