{"_sessions":{"BX91Kvvoe7ZRFYgdAfqGRttlC8hVZmFGHTtwr6kkzodF":{"registrationId":11914,"currentRatchet":{"ephemeralKeyPair":{"pubKey":"BQIhEZLRtxly3hYKhLkaNOCX4wgqxwe7ETs03keDEYQP","privKey":"mI5X5eSWC5idRlDCHdsmQG4H3zYcGU0Lm5Tlmuj02FY="},"lastRemoteEphemeralKey":"BYEdZjmUE9B6/2pg2Zhvu/Poh2nAHJ1a7uGBlOmL4gpd","previousCounter":0,"rootKey":"DT9bQPXeZuzK1F6CXmlxb7oIE2yseGgIyB9fBGz4Gb4="},"indexInfo":{"baseKey":"BX91Kvvoe7ZRFYgdAfqGRttlC8hVZmFGHTtwr6kkzodF","baseKeyType":1,"closed":-1,"used":1742153282259,"created":1742153282259,"remoteIdentityKey":"BfBg3OgYXvmDtA5+ViqWYBsERwcb62q5FMeDeHwVadg5"},"_chains":{"BQIhEZLRtxly3hYKhLkaNOCX4wgqxwe7ETs03keDEYQP":{"chainKey":{"counter":33,"key":"NKBT35eSM3GGBrYn/vz/qzaQcZUGS5PT/4Owj8NEpog="},"chainType":1,"messageKeys":{}}},"pendingPreKey":{"signedKeyId":1,"baseKey":"BX91Kvvoe7ZRFYgdAfqGRttlC8hVZmFGHTtwr6kkzodF","preKeyId":799}}},"version":"v1"}