{"_sessions":{"BfJyReYBuS/lGzvLMZPW2RQAi+4nlC9Hmzobjc93XFlk":{"registrationId":964426571,"currentRatchet":{"ephemeralKeyPair":{"pubKey":"BaYHWIfmv8v+ezg3+yQtTXSCHgZzzKP4LIhkH4Wvqypx","privKey":"4NfJKm7KpYBl0SyRmwC3WwJXOZeemu3SgRHFhb9ENl4="},"lastRemoteEphemeralKey":"BTMU1xLFy2r6YlshVgMUCP+59T4cUTfKdGseVH1ZjZ4r","previousCounter":0,"rootKey":"jV66lIZ566dpADQoKElsWJKlNBAjM9/ETslUL0+VS9s="},"indexInfo":{"baseKey":"BfJyReYBuS/lGzvLMZPW2RQAi+4nlC9Hmzobjc93XFlk","baseKeyType":1,"closed":-1,"used":1742228575089,"created":1742228575089,"remoteIdentityKey":"BV30W0OuHEoBA43kd28Y8TLrpcvtM5TCH5QjQGTiuoBt"},"_chains":{"BaYHWIfmv8v+ezg3+yQtTXSCHgZzzKP4LIhkH4Wvqypx":{"chainKey":{"counter":0,"key":"WY3AFvRewY6mYYrq3iMbL+xR9nlD8yQaEIf1VSjhBb8="},"chainType":1,"messageKeys":{}}},"pendingPreKey":{"signedKeyId":2,"baseKey":"BfJyReYBuS/lGzvLMZPW2RQAi+4nlC9Hmzobjc93XFlk","preKeyId":4894735}}},"version":"v1"}