{"_sessions":{"BXvbqIXq7w9Onmpl6dmG1RSA6BuELV3VfBQtA4fuRoNS":{"registrationId":1248319138,"currentRatchet":{"ephemeralKeyPair":{"pubKey":"BYcFAJHuHoVf1rD2U8uiCz84SI2wby7AAlgyeihB5tEK","privKey":"GIaIKU4a2UVnJEyfxptwrhDZSdi1lfapjDe2ippLjW4="},"lastRemoteEphemeralKey":"BfDw6tLlrGgmgiaMnc+nGZWcJl3kioMDdTaQ7UK9xGVf","previousCounter":0,"rootKey":"+xsh7CWpxbSvs0Uq/t3dLSRZV0ld/Q8rtz1XJBdgacA="},"indexInfo":{"baseKey":"BXvbqIXq7w9Onmpl6dmG1RSA6BuELV3VfBQtA4fuRoNS","baseKeyType":1,"closed":-1,"used":1742228575117,"created":1742228575117,"remoteIdentityKey":"BY4yo8Hmm9t2sfGTfc3b2qwXMy3MhOV/65VS/kZnFClw"},"_chains":{"BYcFAJHuHoVf1rD2U8uiCz84SI2wby7AAlgyeihB5tEK":{"chainKey":{"counter":0,"key":"U/cIn7pj8zkNp25GptBk+m4VAjhMG3gU2bh5p0e1XCg="},"chainType":1,"messageKeys":{}}},"pendingPreKey":{"signedKeyId":62,"baseKey":"BXvbqIXq7w9Onmpl6dmG1RSA6BuELV3VfBQtA4fuRoNS","preKeyId":3493642}}},"version":"v1"}