{"_sessions":{"BeJKBp31IR2qFe20lxfwkocljnBxASax/40unryB65ZZ":{"registrationId":202,"currentRatchet":{"ephemeralKeyPair":{"pubKey":"BQcWm0lab+UFaZ1Kip0Y/kP4NjXqe1Vm0L/LT8AJBk5T","privKey":"WCyEJ6dIdOVPOU2rshw362J4K38MlCOanDLB5P4dE24="},"lastRemoteEphemeralKey":"BU9ylv0JnC2rns440g2Tkp7h8sH54xlCKEHOiLAgVUAt","previousCounter":0,"rootKey":"M7323MEXXJsTbAHUAjdUfOUFNIlu7WDAzhuRGVeYtJQ="},"indexInfo":{"baseKey":"BeJKBp31IR2qFe20lxfwkocljnBxASax/40unryB65ZZ","baseKeyType":1,"closed":-1,"used":1742228710484,"created":1742228710484,"remoteIdentityKey":"BZljDyrigd4d5LbJiYFZUlukNfCPxGT5eG9ci8LEWUFG"},"_chains":{"BQcWm0lab+UFaZ1Kip0Y/kP4NjXqe1Vm0L/LT8AJBk5T":{"chainKey":{"counter":0,"key":"0Ln8vXpUouuEL2P8ExxrYxiWmGv/X0KEqs+VrSXSk0k="},"chainType":1,"messageKeys":{}}},"pendingPreKey":{"signedKeyId":1,"baseKey":"BeJKBp31IR2qFe20lxfwkocljnBxASax/40unryB65ZZ"}}},"version":"v1"}