{"_sessions":{"BRxAGBkJz2bNTiabsbSZD8+ycGBQjSo+OJvNEG2TSE0R":{"registrationId":595587256,"currentRatchet":{"ephemeralKeyPair":{"pubKey":"BYy9MPB9amZJZI2BXCattMnfVNaHp7UsdYsv9NNQVlwl","privKey":"CJfIzCrBu1wTiTKHWfcbzK97IiDlmDLPEu3YHQ6uuX8="},"lastRemoteEphemeralKey":"BUVMSWApUGR5bWvKiZrScye6aUxGPri8pJMl5exQ5eg+","previousCounter":0,"rootKey":"Zovf42cGGLf9xkejLxnO3EmI9WnwqUgzzQyGptnfRbM="},"indexInfo":{"baseKey":"BRxAGBkJz2bNTiabsbSZD8+ycGBQjSo+OJvNEG2TSE0R","baseKeyType":2,"closed":-1,"used":1742243639728,"created":1742243637066,"remoteIdentityKey":"BcYk0wtmB7MHfCmp24Ma7vuR8JtE9ol8OisC9CflpeMp"},"_chains":{"BUJwx6ieXBiMmotYUfO4bxGj7T8RWDrkzwWQdL9CMKlv":{"chainKey":{"counter":0},"chainType":2,"messageKeys":{}},"BUVMSWApUGR5bWvKiZrScye6aUxGPri8pJMl5exQ5eg+":{"chainKey":{"counter":0,"key":"szUuj1EphkiruyqV5hd0p4lzaYEFP4L4vhfjJVmk+4c="},"chainType":2,"messageKeys":{}},"BYy9MPB9amZJZI2BXCattMnfVNaHp7UsdYsv9NNQVlwl":{"chainKey":{"counter":-1,"key":"kI1RrU5QpnBmU3nPhNpL3gJ8d88zqlrIBkISks1v2Ck="},"chainType":1,"messageKeys":{}}}}},"version":"v1"}