{"_sessions":{"BTDSiTZceRwWk6fxnd09cczWaQR141G9L7AdmTjnwTB9":{"registrationId":1655657753,"currentRatchet":{"ephemeralKeyPair":{"pubKey":"BdkSbOfglaK2HoUbUjuOH7sZsx0vDQuZOgPHj+4UfiIU","privKey":"sG4QifH9fRHMxf+YoGny4hzhwKSWwmBL8DEx+i2cGl4="},"lastRemoteEphemeralKey":"BfYN8lpci34luxtCjNTJAhKAN3cqVWBKSCBU8S2rTHtX","previousCounter":0,"rootKey":"5kEhlxEDf80BJlmWJHWp/zGiMS7G564z07xp7Q3mwks="},"indexInfo":{"baseKey":"BTDSiTZceRwWk6fxnd09cczWaQR141G9L7AdmTjnwTB9","baseKeyType":2,"closed":-1,"used":1742240348195,"created":1742240345824,"remoteIdentityKey":"BRfi+Z1nmS/pw3jn3AVtSPLtqSlrf+kbXxsj9BBKj1tz"},"_chains":{"BX2Net7Wzz6p4FZtYSX35SJL1o0608g1NJa3wJ0S8eIx":{"chainKey":{"counter":0},"chainType":2,"messageKeys":{}},"BfYN8lpci34luxtCjNTJAhKAN3cqVWBKSCBU8S2rTHtX":{"chainKey":{"counter":0,"key":"IWmJTii3bnGRNuJce8XdObZP5KuG6EBR5CeV4sth574="},"chainType":2,"messageKeys":{}},"BdkSbOfglaK2HoUbUjuOH7sZsx0vDQuZOgPHj+4UfiIU":{"chainKey":{"counter":-1,"key":"+W5Jbs2wSviG7a/foNonLgXFxgDshk0rKKYfqm8R2eQ="},"chainType":1,"messageKeys":{}}}}},"version":"v1"}