{"_sessions":{"BWwcbomMAIYXwuvgdVAWcFu+B/V1eo2LugiM6wDzT5V1":{"registrationId":92540908,"currentRatchet":{"ephemeralKeyPair":{"pubKey":"BaeYbd8z68z6Fzy+QtT6fXUFAGP5WnVDy0TVRIeoen9Q","privKey":"YD5xN6N/ygwZ8XYrvy1TfYzT16n/b3wKh4BsPZ9R5Ek="},"lastRemoteEphemeralKey":"BTix8E+fhcmEAnOz/9ILCOy7HAmaaAOTpmjr3xN/h/0H","previousCounter":0,"rootKey":"hFW3wWs/XRVwgk2R40FJb35qpWsd3qeS69ZLTBTK29A="},"indexInfo":{"baseKey":"BWwcbomMAIYXwuvgdVAWcFu+B/V1eo2LugiM6wDzT5V1","baseKeyType":2,"closed":-1,"used":1742166535386,"created":1742166535386,"remoteIdentityKey":"BbmzoJjJMBh1DxLEgK+dYGC4BdCAjClXCLyppTtg6joR"},"_chains":{"BTix8E+fhcmEAnOz/9ILCOy7HAmaaAOTpmjr3xN/h/0H":{"chainKey":{"counter":5,"key":"BLqSdiV6L3MhWld+c6FNMN8cYbNmbNRBNaDo+FZAItI="},"chainType":2,"messageKeys":{}},"BaeYbd8z68z6Fzy+QtT6fXUFAGP5WnVDy0TVRIeoen9Q":{"chainKey":{"counter":-1,"key":"YmvxejScDtKfZtrRkpeRVu/8xePC8ND1TuFviPPzEcM="},"chainType":1,"messageKeys":{}}}}},"version":"v1"}