{"_sessions":{"BVyRaqzY4+GK0rZc4h0NY2K6HX9J8wdLRN8NJibMQ8xi":{"registrationId":1282157001,"currentRatchet":{"ephemeralKeyPair":{"pubKey":"BW09F6sdnhBXRG+EEn26xTcwmoNwJjA0cNjKV6OmA8Rg","privKey":"gE2hRCOS86n7bxDWpTsbquaL9w8LCt9Fvc+pwqirAVM="},"lastRemoteEphemeralKey":"Ba0Elf4T76m0cbdidCIMNd1gE9gCZGmhcWhlV1cVGmBY","previousCounter":0,"rootKey":"uBLJz7cf8moQR+l3U/r1T0ESY3S3jMFr0lIEWwcxwkc="},"indexInfo":{"baseKey":"BVyRaqzY4+GK0rZc4h0NY2K6HX9J8wdLRN8NJibMQ8xi","baseKeyType":1,"closed":-1,"used":1742228575057,"created":1742228575057,"remoteIdentityKey":"Ba2Y3rSih6nq6EIPmYAtWQ55g13AJxgO5WezIDnUjb17"},"_chains":{"BW09F6sdnhBXRG+EEn26xTcwmoNwJjA0cNjKV6OmA8Rg":{"chainKey":{"counter":0,"key":"/LJ3uM+OFKhCRMK35ufYxg/ZK8q5IGXqWpf+M+xE9YA="},"chainType":1,"messageKeys":{}}},"pendingPreKey":{"signedKeyId":10200331,"baseKey":"BVyRaqzY4+GK0rZc4h0NY2K6HX9J8wdLRN8NJibMQ8xi","preKeyId":3094}}},"version":"v1"}