{"_sessions":{"BWgTQsolPyBvwczHMISCo1j57NjFy6tRtj3/6K/ydA9q":{"registrationId":1552524834,"currentRatchet":{"ephemeralKeyPair":{"pubKey":"BVv334caLRb7MF7+3MyIruBQ7SBJ3OQ3/BL3E2ai5KAg","privKey":"INNlg9KxyO3iCp46Q8eMOHdLGwq8eDQNFH7IruuIp3E="},"lastRemoteEphemeralKey":"BUF8AAJ5FBP+EiKxln2ukF+V1lviH/8opMTQXSqM4rN3","previousCounter":0,"rootKey":"4eu1HNAX8YXbFTBEjHOJwzJbnPpy11hj9s7maVRF5gE="},"indexInfo":{"baseKey":"BWgTQsolPyBvwczHMISCo1j57NjFy6tRtj3/6K/ydA9q","baseKeyType":1,"closed":-1,"used":1742238778685,"created":1742238778685,"remoteIdentityKey":"BW9GF552oHb7IXNJ1nxdgs7MORfVE4lQ5xqZXWAXaflZ"},"_chains":{"BVv334caLRb7MF7+3MyIruBQ7SBJ3OQ3/BL3E2ai5KAg":{"chainKey":{"counter":0,"key":"nb/jEhOLKZIY3Ph0ZUzx6ZlmtT5ivrOY3cqJbjPIQE8="},"chainType":1,"messageKeys":{}}},"pendingPreKey":{"signedKeyId":3,"baseKey":"BWgTQsolPyBvwczHMISCo1j57NjFy6tRtj3/6K/ydA9q","preKeyId":14887}}},"version":"v1"}