{"_sessions":{"BYaNX3zdAOUKRRwKVo4yyQYwTClbV+2hHEwDXejQY7Ub":{"registrationId":1707753475,"currentRatchet":{"ephemeralKeyPair":{"pubKey":"BQvBz+LJUhs+wrl2o9V4Drr1JjhH0wUb63FzIGAucBor","privKey":"6GvC9BDp5nhhvo48/lkyyAsoZ5KxNr3bu+kEzJyWEG8="},"lastRemoteEphemeralKey":"BXJhpJ0uu0x6Zehx7IdtZX2BuqmDIaJDStronRKzuQhL","previousCounter":0,"rootKey":"xbF1hWSR1yB95Epp7enot7ZZGKMxt4X0pS8WjTRBIFQ="},"indexInfo":{"baseKey":"BYaNX3zdAOUKRRwKVo4yyQYwTClbV+2hHEwDXejQY7Ub","baseKeyType":1,"closed":-1,"used":1742228575105,"created":1742228575105,"remoteIdentityKey":"BZSRzI6VuTelq0TW6w356sExAyj9v+fE3PbFflNh1QUU"},"_chains":{"BQvBz+LJUhs+wrl2o9V4Drr1JjhH0wUb63FzIGAucBor":{"chainKey":{"counter":0,"key":"bQ6pUzEqEkH8UzDVX9xEveFLVzH4/jJH4g6UXGaU8Oc="},"chainType":1,"messageKeys":{}}},"pendingPreKey":{"signedKeyId":0,"baseKey":"BYaNX3zdAOUKRRwKVo4yyQYwTClbV+2hHEwDXejQY7Ub","preKeyId":15530994}}},"version":"v1"}