{"_sessions":{"BSrvSpjDk5BHHEGmu7HyLB+uwnzr2w1CGCGsAgeGf1cn":{"registrationId":41123992,"currentRatchet":{"ephemeralKeyPair":{"pubKey":"BcsM5d6T/rkYoeZiYrpTktGsQ/TcheAOs1UeMo81Lwkk","privKey":"6Pl5DZgJxR5wHkQiekV2rWhOcsZBeyb1K+PI5bsbPnQ="},"lastRemoteEphemeralKey":"Besa835Ot2b2XUZH1WsbCTdDvnVOeZ9YSy8Q3AT88Sso","previousCounter":0,"rootKey":"qvv4YtSd3rRHPBiJRx3UPv7jZVWjQroMAo87figQWxI="},"indexInfo":{"baseKey":"BSrvSpjDk5BHHEGmu7HyLB+uwnzr2w1CGCGsAgeGf1cn","baseKeyType":1,"closed":-1,"used":1742228575049,"created":1742228575049,"remoteIdentityKey":"BdXoRmdTqKSRVLuM3e9HZxqtqwU6+v5h20/5hTeHi+I5"},"_chains":{"BcsM5d6T/rkYoeZiYrpTktGsQ/TcheAOs1UeMo81Lwkk":{"chainKey":{"counter":0,"key":"TgV4ZKrIvLaclV7dPkUvAunF16feV05ER2ZBXC7jRAA="},"chainType":1,"messageKeys":{}}},"pendingPreKey":{"signedKeyId":8,"baseKey":"BSrvSpjDk5BHHEGmu7HyLB+uwnzr2w1CGCGsAgeGf1cn","preKeyId":7259701}}},"version":"v1"}