{"_sessions":{"BQhos3pcs9/G0l0lQfabWAPta6QgQoHB+mj9Z6iIjDxU":{"registrationId":782882519,"currentRatchet":{"ephemeralKeyPair":{"pubKey":"BVWdPTros/r+ofpHRUDhPkPpOQiWLqg9MnU56pfLOBtJ","privKey":"MKJZL5XWUuusg1p+Q4vBsu9EbLwWFSzog4Ey7HNXyUM="},"lastRemoteEphemeralKey":"BS7n+msfQcQzyjmME+lwA81q49/lSsUS4mZxj3CaOd5R","previousCounter":0,"rootKey":"OnuYbg4zjeRn1t7a7kxhKwYAwtGF7AtgFQ6GEbqG6Wo="},"indexInfo":{"baseKey":"BQhos3pcs9/G0l0lQfabWAPta6QgQoHB+mj9Z6iIjDxU","baseKeyType":1,"closed":-1,"used":1742238765495,"created":1742238765495,"remoteIdentityKey":"BWXkSDR8UzENYVJ8MJQ8RvrWmLSkd9pWCqlATBNyVkME"},"_chains":{"BVWdPTros/r+ofpHRUDhPkPpOQiWLqg9MnU56pfLOBtJ":{"chainKey":{"counter":2,"key":"cgDSO2e7SgSJ5sicio8SU9JDTVday9YThuenYE1PwlQ="},"chainType":1,"messageKeys":{}}},"pendingPreKey":{"signedKeyId":8,"baseKey":"BQhos3pcs9/G0l0lQfabWAPta6QgQoHB+mj9Z6iIjDxU"}}},"version":"v1"}