{"_sessions":{"BaeVQNEvsnDPxDjpPQ4bgMsXVM8FlPK/RCSWkZsCuOV6":{"registrationId":1771871219,"currentRatchet":{"ephemeralKeyPair":{"pubKey":"BeC+gceLaerzyXMUnOXFHYhdZhlx1hhIxTpNeBlJ4DBu","privKey":"wEU3ex3cAEIdkWbBWovjJFXPIFxMfjPm122eHo0da04="},"lastRemoteEphemeralKey":"BemVWFmCLMXD2Y0GLlkhVXyQLK3YZfOHoWbDNH7Wnqor","previousCounter":0,"rootKey":"v0VXtJ3EE+cOy5UHsTiLBXMk6PCZe2kYYqCJYMiQfNQ="},"indexInfo":{"baseKey":"BaeVQNEvsnDPxDjpPQ4bgMsXVM8FlPK/RCSWkZsCuOV6","baseKeyType":2,"closed":-1,"used":1742228708529,"created":1742228708529,"remoteIdentityKey":"BUMBcbBt06LStaTBr3MEV3JuI+NBx0XIn58cZ7p/UbBm"},"_chains":{"BemVWFmCLMXD2Y0GLlkhVXyQLK3YZfOHoWbDNH7Wnqor":{"chainKey":{"counter":0,"key":"YYQjarG+fXYdVgz86JkGYV0K4TiAnuy+HTxuHhpXpow="},"chainType":2,"messageKeys":{}},"BeC+gceLaerzyXMUnOXFHYhdZhlx1hhIxTpNeBlJ4DBu":{"chainKey":{"counter":0,"key":"LTcsQXdLgE1IVJRELGoh6RCxQp6G3DWb/zY+bTf02Qw="},"chainType":1,"messageKeys":{}}}}},"version":"v1"}