{"_sessions":{"BUpiO4UBAH3BStrikhe4Pym2fOuCokpv5US9UoBX+epn":{"registrationId":77437387,"currentRatchet":{"ephemeralKeyPair":{"pubKey":"BcNGf8mGnPtkY7pgHSEgAEQOxpw39ElaC7aYzYcOxSUs","privKey":"kAmjM1YGUtiDDzHmKZI8O4u/lCT1Iz0/DJ9jiSLQZUo="},"lastRemoteEphemeralKey":"BUAdMvNa8RKAfaiNCjR9mpVNZqdi2hncjwIjNvLKuH8M","previousCounter":24,"rootKey":"pneqhWlinMH4cymlcotlrqjHowjWYI1mRXd2kSARj+k="},"indexInfo":{"baseKey":"BUpiO4UBAH3BStrikhe4Pym2fOuCokpv5US9UoBX+epn","baseKeyType":2,"closed":-1,"used":1742238763995,"created":1742153265573,"remoteIdentityKey":"BTFWqQGprb2pwzzvrEXIMXz6SZtidZ223K+UpxEU3iVO"},"_chains":{"BVSNnAVqbWyJyfxx6etkfNUjXZoS3mJ8y/9qtnYfjDM2":{"chainKey":{"counter":5},"chainType":2,"messageKeys":{}},"BUAdMvNa8RKAfaiNCjR9mpVNZqdi2hncjwIjNvLKuH8M":{"chainKey":{"counter":0,"key":"wJ5xDUD0aUXlTXlOTGq5fwpK42s/vLa70jN1Yx3Chjs="},"chainType":2,"messageKeys":{}},"BcNGf8mGnPtkY7pgHSEgAEQOxpw39ElaC7aYzYcOxSUs":{"chainKey":{"counter":22,"key":"RD+mARXlhPGZdKmPThX6ibyGVeDrjfnzFW3mVtbnxak="},"chainType":1,"messageKeys":{}}}}},"version":"v1"}