{"_sessions":{"BVMwynwIZl+ypu734pZ7qCUrjGU9N2w4egd6UW6ylvB4":{"registrationId":13778,"currentRatchet":{"ephemeralKeyPair":{"pubKey":"BbawJzjD1EfBfYbO2O6eaqJTrqyIw4ew8rlDXvRjGpAN","privKey":"WOrgJbxfkHkB5SYm3m+OQzUec7E09NsViTx/mEoCA14="},"lastRemoteEphemeralKey":"BaZwiAYOLd9w7HpR4EDuA2CBOSg2KfDNaGIEGHTphdwP","previousCounter":0,"rootKey":"PTTt+d0i1y2TOLZJeIpMzBn1xLCtk7pFyUjw6qyjga4="},"indexInfo":{"baseKey":"BVMwynwIZl+ypu734pZ7qCUrjGU9N2w4egd6UW6ylvB4","baseKeyType":1,"closed":-1,"used":1742228710480,"created":1742228710480,"remoteIdentityKey":"BcPHotmBzzsOEkqnbV6sftnYjD9KryiGbrGBpqm+Gqpz"},"_chains":{"BbawJzjD1EfBfYbO2O6eaqJTrqyIw4ew8rlDXvRjGpAN":{"chainKey":{"counter":0,"key":"gsXHfT2EtYFRHulKpXs63ViRbUqaxQgC8FUSoXtUheM="},"chainType":1,"messageKeys":{}}},"pendingPreKey":{"signedKeyId":1,"baseKey":"BVMwynwIZl+ypu734pZ7qCUrjGU9N2w4egd6UW6ylvB4"}}},"version":"v1"}