{"_sessions":{"BSWvZvGS/H9oHT1LgjhWAEiUhB3Xmd6YNFLP/SC8oqEL":{"registrationId":750056898,"currentRatchet":{"ephemeralKeyPair":{"pubKey":"BeDrzmvum9Sufs+j1BGX20zQc/5peJU5bM2cilwG6QYZ","privKey":"IK6gs3wz6HLeMR7lM+dXiJ95MYbYJPNV0vZ2qoiAzWU="},"lastRemoteEphemeralKey":"BbiqnB8vB/n47ijxMwLkY3io64C5eV/ewvcLcovEvLNg","previousCounter":0,"rootKey":"6chRVGqnZKcTZyQ6CGYzdbkkjaUVGp2bJ9kt52jNtYA="},"indexInfo":{"baseKey":"BSWvZvGS/H9oHT1LgjhWAEiUhB3Xmd6YNFLP/SC8oqEL","baseKeyType":1,"closed":-1,"used":1742242672736,"created":1742153282268,"remoteIdentityKey":"BYLMzKqJQjAEWhxxy08msaufd9Mbg1s45Cljd7HxJw8q"},"_chains":{"BSVXcQmjRJGZhTfPvhT0N25YXiIAbqz5L20GiESAZh5k":{"chainKey":{"counter":1},"chainType":2,"messageKeys":{}},"BTGzdSJTzCvx0pFJhVPcq8uNKMf34nhmu3qQnf5RmwNd":{"chainKey":{"counter":1},"chainType":2,"messageKeys":{}},"BT/KwmssR8tq+sxaLFm5mD2iANTiYzkJZwa7j4LfSnd4":{"chainKey":{"counter":1},"chainType":2,"messageKeys":{}},"BRUAY31P4JD3gPbAy1tiSmBEtk88wQYQJxO09Y5PZpUT":{"chainKey":{"counter":1},"chainType":2,"messageKeys":{}},"BdFM7jsrKQhl4P5oQ+WmXgMrNAvCAjJn1PMI/zHbM3Fl":{"chainKey":{"counter":1},"chainType":2,"messageKeys":{}},"BT8wMKfqa3rXRFPQO0DST4rlKHsxM2YWDBGAQ1fM3YID":{"chainKey":{"counter":1},"chainType":2,"messageKeys":{}},"BWmDw/In4Ur2SB/GSrgdi/ATZryH1wwrkH4nHEZw3jBi":{"chainKey":{"counter":1},"chainType":2,"messageKeys":{}},"BVcU5oQoUgMYhP4tu6eSxr3zJQMtPWzCtj0irxvhcuM0":{"chainKey":{"counter":1},"chainType":2,"messageKeys":{}},"BRcNeO3ClAXJ23THORPW3US2vY5uNQYd09WwI3bcYklE":{"chainKey":{"counter":3},"chainType":2,"messageKeys":{}},"Bae+F0FecQv5DA29x/hvGk5MITbC3NqLEgV37U37CIRy":{"chainKey":{"counter":1},"chainType":2,"messageKeys":{}},"BQhEuTdDq2wpmxHFDFYxSk4BtuWTPmviCNzPXm32UHJc":{"chainKey":{"counter":2},"chainType":2,"messageKeys":{}},"BRuv+Gzt0FZ0rr4k5vFEhCo+tnoCNz+zGZX8moCgmUYw":{"chainKey":{"counter":4},"chainType":2,"messageKeys":{}},"BfVLVTnY8m5Z+wA20PvVXcc9TDnuX3wu3TnIaWd841gZ":{"chainKey":{"counter":1},"chainType":2,"messageKeys":{}},"BfIQ7xfAwr3l/5O6Xjgopweyn11TXfRPj2nQS7X/1UNH":{"chainKey":{"counter":1},"chainType":2,"messageKeys":{}},"BbiqnB8vB/n47ijxMwLkY3io64C5eV/ewvcLcovEvLNg":{"chainKey":{"counter":1,"key":"tpIFeQ41pSB4m4DEUFvyM/Gqc1fmG8X/IRt46Buj8s0="},"chainType":2,"messageKeys":{}},"BeDrzmvum9Sufs+j1BGX20zQc/5peJU5bM2cilwG6QYZ":{"chainKey":{"counter":-1,"key":"G0K5MRtfIwvDEPJzpsoqQ/cjV2O33plW3COpJe7wssk="},"chainType":1,"messageKeys":{}}}}},"version":"v1"}