{"_sessions":{"BfWt91U6PX5OoaGYoGDpceFwpaniDSoBwVStZAO9zn5/":{"registrationId":1012736788,"currentRatchet":{"ephemeralKeyPair":{"pubKey":"Bf1IAv4koCrnuZBKx0o/KWFiry1ZGIIaHEqUF1KuJu1M","privKey":"2PYgr+DUtwX0bMEVnNJiHpe3l48R3zpeabJRlaqHKk4="},"lastRemoteEphemeralKey":"BSEF3KlAK+SH6tYqWiINJnSdbt7p5KxfDPwiXDetwHAy","previousCounter":0,"rootKey":"A4xtyldYGLtvYDd+E9fIQBHOnM1fT64UKpcwsXZicJ0="},"indexInfo":{"baseKey":"BfWt91U6PX5OoaGYoGDpceFwpaniDSoBwVStZAO9zn5/","baseKeyType":1,"closed":-1,"used":1742228575066,"created":1742228575066,"remoteIdentityKey":"BfrfE87QmNb62AkCI0KLBJyTYqXRBerTLrbX1qaS0DNT"},"_chains":{"Bf1IAv4koCrnuZBKx0o/KWFiry1ZGIIaHEqUF1KuJu1M":{"chainKey":{"counter":0,"key":"agJTjTBXEMg5EPEphmvOlyfZSU5RJ95PQL6MjktqGq8="},"chainType":1,"messageKeys":{}}},"pendingPreKey":{"signedKeyId":18,"baseKey":"BfWt91U6PX5OoaGYoGDpceFwpaniDSoBwVStZAO9zn5/","preKeyId":300842}}},"version":"v1"}