{"_sessions":{"BeNnjedG7aZ2y2jsby0llIx+lnw7iVwzAjigsHmwTGdd":{"registrationId":1822921659,"currentRatchet":{"ephemeralKeyPair":{"pubKey":"BSsTS1CHvOD1uiTABEjUHmgg+ZEBi1QtnGqutNt4fENI","privKey":"2PktRzhZ6ap2ldjp6iSdeUIcTvZpic9XDl8G68Ef/GQ="},"lastRemoteEphemeralKey":"BZG/Wh/dM8oMETJdyJqAGT6zqb1K0hKL6lTUnTU7+AAj","previousCounter":0,"rootKey":"nT0lEkTtMaBtlP8ufT1E/9DKxuoXM34OQbEbT+VFy4I="},"indexInfo":{"baseKey":"BeNnjedG7aZ2y2jsby0llIx+lnw7iVwzAjigsHmwTGdd","baseKeyType":1,"closed":-1,"used":1742166989448,"created":1742166989448,"remoteIdentityKey":"BZfST+NLi3gppDC8Px9d5TJd8ccASKphGasgeR4M9nkc"},"_chains":{"BSsTS1CHvOD1uiTABEjUHmgg+ZEBi1QtnGqutNt4fENI":{"chainKey":{"counter":8,"key":"4BOaKGZ46T/ad5Gw1aZ/8lMNct+5hTgvuZUo/wXHoPg="},"chainType":1,"messageKeys":{}}},"pendingPreKey":{"signedKeyId":0,"baseKey":"BeNnjedG7aZ2y2jsby0llIx+lnw7iVwzAjigsHmwTGdd"}}},"version":"v1"}