{"_sessions":{"BQ03CtH+K2dVIl/x+0P1WFDoFb5k91ZTi/8EBOZCZBMZ":{"registrationId":1697301542,"currentRatchet":{"ephemeralKeyPair":{"pubKey":"BWkZBUXkkQkQUE+DCHQLLD1U4qbcti9xm6O9HkvCCuAM","privKey":"+NwsaAVId4SttBJ1tF+obvWcx/UI7NltMCz30sl93nk="},"lastRemoteEphemeralKey":"BaQt3fHpMFuyS7Rxgb/O8kZ5yjDg6nooORkFNRzj96UM","previousCounter":0,"rootKey":"lgbalHUzjXVHzYflpF6PGGSeWS4eyPdpBNCaI2bwU2M="},"indexInfo":{"baseKey":"BQ03CtH+K2dVIl/x+0P1WFDoFb5k91ZTi/8EBOZCZBMZ","baseKeyType":1,"closed":-1,"used":1742228575075,"created":1742228575075,"remoteIdentityKey":"BbC7VcK+eeLgKoXqxlQi7G8VoZDYBAzSbAPAGMQGSMUT"},"_chains":{"BWkZBUXkkQkQUE+DCHQLLD1U4qbcti9xm6O9HkvCCuAM":{"chainKey":{"counter":0,"key":"+gOXHzWTngq9bPCMIvdKbp2kufjG6el51t9wcKNA8Ro="},"chainType":1,"messageKeys":{}}},"pendingPreKey":{"signedKeyId":2,"baseKey":"BQ03CtH+K2dVIl/x+0P1WFDoFb5k91ZTi/8EBOZCZBMZ","preKeyId":10589781}}},"version":"v1"}