{"_sessions":{"BVgWsE7P7UR4qdgCOGn0Y22g5y8119rNUfEolZOrWRZb":{"registrationId":176,"currentRatchet":{"ephemeralKeyPair":{"pubKey":"BVyNoz+7N8yXPgXb0QcD7icxnHVp0N52TG0UhYhu/Cgv","privKey":"INUcXZPWm6ISW18vQz5jrW5gHScNNlfKD8f3R/BmEVU="},"lastRemoteEphemeralKey":"BaIDUoH36YIfWlMTWroVRWGDgwcdxq9SuebPGxrySTJH","previousCounter":0,"rootKey":"jSDQVDgAxgHfVgp5r+u0Vh9bmmM+bAdesWwj7uUracM="},"indexInfo":{"baseKey":"BVgWsE7P7UR4qdgCOGn0Y22g5y8119rNUfEolZOrWRZb","baseKeyType":1,"closed":-1,"used":1742153282255,"created":1742153282255,"remoteIdentityKey":"BcbOybWvOBaDqlR6iQRFnkNyJTu1Qh8wp2VRe+NYuM9/"},"_chains":{"BVyNoz+7N8yXPgXb0QcD7icxnHVp0N52TG0UhYhu/Cgv":{"chainKey":{"counter":33,"key":"Fh41rbVDLWMuiYWGl7qLVwyDmGdZxJmWAdtppnjzG2E="},"chainType":1,"messageKeys":{}}},"pendingPreKey":{"signedKeyId":1,"baseKey":"BVgWsE7P7UR4qdgCOGn0Y22g5y8119rNUfEolZOrWRZb","preKeyId":41}}},"version":"v1"}