{"_sessions":{"Bc7vonA2VwOOw8B29Z0sgVlrLeVY7GZIupgSwPjfc8hE":{"registrationId":323545478,"currentRatchet":{"ephemeralKeyPair":{"pubKey":"BbmhTbDNHljn0QkPB59w8G0rk+yWdWra0rT6UBx66eN0","privKey":"EAhlJy/S1fLe1vvlMWZ5cK3SLgX50xS8aRoH+4ah7EA="},"lastRemoteEphemeralKey":"BdayOlagMtMz6RjKu+SUEO23wkhJtQVSUQ+XSHiUkXQb","previousCounter":0,"rootKey":"XZHYQUpXmTOO1+kpxTmqaI6VSuz2fBUoYFBKMa4oNbo="},"indexInfo":{"baseKey":"Bc7vonA2VwOOw8B29Z0sgVlrLeVY7GZIupgSwPjfc8hE","baseKeyType":1,"closed":-1,"used":1742238781967,"created":1742238778693,"remoteIdentityKey":"Be7+EQPDgfcVRbcGlKwm2NNddEAhiwJiBvnVrZyIyxN4"},"_chains":{"BdayOlagMtMz6RjKu+SUEO23wkhJtQVSUQ+XSHiUkXQb":{"chainKey":{"counter":0,"key":"YynDulQnK+T7R7ze5hm9htqR21eXTsB1Uo4KRr296bU="},"chainType":2,"messageKeys":{}},"BbmhTbDNHljn0QkPB59w8G0rk+yWdWra0rT6UBx66eN0":{"chainKey":{"counter":-1,"key":"SalnA2/n9N757z9kYGQ4RbqMIjW7UPF65KRR30+84b4="},"chainType":1,"messageKeys":{}}}}},"version":"v1"}