{"_sessions":{"BZ3ee0n7FfpRLnUEwkcDJKwTT5wbv05JBjG4OaGJf89K":{"registrationId":12641,"currentRatchet":{"ephemeralKeyPair":{"pubKey":"BZBrNg3V7t3l2v2fPZ++zj4dtuYk8d9rj/9coLCDmL4L","privKey":"wNrIPHKkrKsTNkZ8qujYChzeb1nKXMddHRIRkyFFY0U="},"lastRemoteEphemeralKey":"BagvUB4x1tOv3sIqeZzjKLSZm+ogmHke39AZQVKev2Fz","previousCounter":0,"rootKey":"63lkcmP6Izirnv3KlmZgh+aWtLiMU6eN4cFpROfOZi8="},"indexInfo":{"baseKey":"BZ3ee0n7FfpRLnUEwkcDJKwTT5wbv05JBjG4OaGJf89K","baseKeyType":1,"closed":-1,"used":1742238765499,"created":1742238765499,"remoteIdentityKey":"BSe9XJME6edrehjgcGf6ju9qv2len/cmKNRI/0MSbrxf"},"_chains":{"BZBrNg3V7t3l2v2fPZ++zj4dtuYk8d9rj/9coLCDmL4L":{"chainKey":{"counter":2,"key":"OH2rZCaLFh/+XydNx+ZPGlf/0ypXlReKe8u4jByL26s="},"chainType":1,"messageKeys":{}}},"pendingPreKey":{"signedKeyId":1,"baseKey":"BZ3ee0n7FfpRLnUEwkcDJKwTT5wbv05JBjG4OaGJf89K"}}},"version":"v1"}