{"_sessions":{"BVzKgzJI9Ki5HPxXhYnD9D8L0Nc5um1SHPXNaBhiLuo9":{"registrationId":3650,"currentRatchet":{"ephemeralKeyPair":{"pubKey":"BQGs+cSGerarJoCigc9i8U/AyJ/cn9SnKnpleV/u4CNc","privKey":"GEWrA6hHOhalth29LGgrf6LsifJ50RSTuQz9wCuJRHo="},"lastRemoteEphemeralKey":"BRWB80qmMBsf5TN+RR1wnu7zR/bmFXddrRZsxf3mVHwg","previousCounter":0,"rootKey":"BURkj5PXdwSYRthwb1S9WRGGS4XQE0RLHhDPpYjQQCY="},"indexInfo":{"baseKey":"BVzKgzJI9Ki5HPxXhYnD9D8L0Nc5um1SHPXNaBhiLuo9","baseKeyType":1,"closed":-1,"used":1742228575033,"created":1742228575033,"remoteIdentityKey":"BcHLTKXXfrABiXfZf+Tpnv56eRtTRtnIw6lyjsvlnU9P"},"_chains":{"BQGs+cSGerarJoCigc9i8U/AyJ/cn9SnKnpleV/u4CNc":{"chainKey":{"counter":0,"key":"VFuxPaSwK7BSjQPH+P8vd4w1pXQZhKaGaiOYisvhTio="},"chainType":1,"messageKeys":{}}},"pendingPreKey":{"signedKeyId":1,"baseKey":"BVzKgzJI9Ki5HPxXhYnD9D8L0Nc5um1SHPXNaBhiLuo9"}}},"version":"v1"}