{"_sessions":{"BRFHPYXCsuqw+6wT9KLPWamfEA9mq1Z6RKvqVdDu+cU4":{"registrationId":516607803,"currentRatchet":{"ephemeralKeyPair":{"pubKey":"BaLSuKP6AwmI3v+esb/pK1CVpKUlMfbSvkgBip4dNRhX","privKey":"6A/Xt0EE+L8Y8GP/cxplVS4lhgI4gOmn7QB6ONCrEVM="},"lastRemoteEphemeralKey":"BRuPoVwULeWWLfHylqEHWE5dWKOrxwx5KOty4yiV4m0u","previousCounter":0,"rootKey":"jRELxs1Fj1vyhVMyelOz3HVvCvAG0wlGU2OEnyjkxQg="},"indexInfo":{"baseKey":"BRFHPYXCsuqw+6wT9KLPWamfEA9mq1Z6RKvqVdDu+cU4","baseKeyType":2,"closed":-1,"used":1742243300666,"created":1742243298227,"remoteIdentityKey":"BV9S76RevgH3dRC+OT/kmpnEP6io0DX7GjGAuHW58qgR"},"_chains":{"Bai5+5erLVa8XKaem+p/4lYbWI+kd/qCLRNnrGAQ0Nhz":{"chainKey":{"counter":0},"chainType":2,"messageKeys":{}},"BRuPoVwULeWWLfHylqEHWE5dWKOrxwx5KOty4yiV4m0u":{"chainKey":{"counter":0,"key":"JuVz6edFVm/CTaLSWuZk551Abf9aeJBfxNbGFB7fbZo="},"chainType":2,"messageKeys":{}},"BaLSuKP6AwmI3v+esb/pK1CVpKUlMfbSvkgBip4dNRhX":{"chainKey":{"counter":-1,"key":"bM5tlQUzrVFzYODzbk/KfjHMGynJyScCyKo64pOB/sk="},"chainType":1,"messageKeys":{}}}}},"version":"v1"}