{"_sessions":{"BYJFJylrYkE2z0Dx59NQo/wRdgDdMIsbwLqWpAtKwfkO":{"registrationId":25,"currentRatchet":{"ephemeralKeyPair":{"pubKey":"BZetviejVfAYc552l+vWxWfZ9zBryMidK769JswJRfYW","privKey":"0EgopFietm36oqBISQyGZMn/g2TaEWC1hZwTIxJJVmE="},"lastRemoteEphemeralKey":"BQpOgKHPMLjAgIVyZ5MjcgUsmXp193V3MNdtwQR047db","previousCounter":0,"rootKey":"y3otlp3JdtnoXR+eOC6gaRuC96cCI8t5MSMeXqMbdpk="},"indexInfo":{"baseKey":"BYJFJylrYkE2z0Dx59NQo/wRdgDdMIsbwLqWpAtKwfkO","baseKeyType":1,"closed":-1,"used":1742153282264,"created":1742153282264,"remoteIdentityKey":"BYmmtPHlLH1FVv4qBpRTG/kULETGeuVdL2do4I2DHskm"},"_chains":{"BZetviejVfAYc552l+vWxWfZ9zBryMidK769JswJRfYW":{"chainKey":{"counter":33,"key":"BVBYYQfFFsSzBfqixfPBjfJN/5utG/1U4KB+bvtaMss="},"chainType":1,"messageKeys":{}}},"pendingPreKey":{"signedKeyId":1,"baseKey":"BYJFJylrYkE2z0Dx59NQo/wRdgDdMIsbwLqWpAtKwfkO","preKeyId":25}}},"version":"v1"}