{"_sessions":{"BcH6R1qBO1CwbDATqNAedyDPFUdi1x7EQKYTDISLOfEc":{"registrationId":12519,"currentRatchet":{"ephemeralKeyPair":{"pubKey":"BXt7lj9BWHWCPUOGgejlRovoFM3TazARn/CywN0/EcNJ","privKey":"WNzU37TyfPIBN0QCfDQLXiwVEdv//5Qrjkerb6H+ZlI="},"lastRemoteEphemeralKey":"BUDAWpdAWxyl6Ata1ptMerSdqFafRS5VKOX7xPp2mD8O","previousCounter":0,"rootKey":"MoBm0MOq7OhsL4hSbC6YzrG+RzCFgawM6qY0mpZc1CA="},"indexInfo":{"baseKey":"BcH6R1qBO1CwbDATqNAedyDPFUdi1x7EQKYTDISLOfEc","baseKeyType":1,"closed":-1,"used":1742228575019,"created":1742228575019,"remoteIdentityKey":"Ba0/++3UEuHasaJqirWZozUBmcGo+DzNC/vgz9UGvZUO"},"_chains":{"BXt7lj9BWHWCPUOGgejlRovoFM3TazARn/CywN0/EcNJ":{"chainKey":{"counter":0,"key":"n6L9xVGlpokHAj4D97n1FT5IP6MEnwA2Pd8OR8yRREQ="},"chainType":1,"messageKeys":{}}},"pendingPreKey":{"signedKeyId":1,"baseKey":"BcH6R1qBO1CwbDATqNAedyDPFUdi1x7EQKYTDISLOfEc"}}},"version":"v1"}