{"_sessions":{"BVUipuhzGWf2AnYdWoOZvR/jQizNzYev+zqKo0oKXr0R":{"registrationId":938269177,"currentRatchet":{"ephemeralKeyPair":{"pubKey":"BTgkXYVaiIbAdUtmteNoQMNUOvHRK9MorCI33BQEM24m","privKey":"2Ni3yhn+lfXI724k2Y18jJQznWW+bXcqQNPwGE374XY="},"lastRemoteEphemeralKey":"Be8yh2qLWoRusva9IpTAePPQJ0+lD2vgwRda/YsnH2xV","previousCounter":0,"rootKey":"/b7NsXBgxTBB0awlVHu3aFL8U58F0fqaLK2yXekAIB0="},"indexInfo":{"baseKey":"BVUipuhzGWf2AnYdWoOZvR/jQizNzYev+zqKo0oKXr0R","baseKeyType":2,"closed":-1,"used":1742237198940,"created":1742237196310,"remoteIdentityKey":"BRsrzHVrd12xKTj6uCmDI47DvagXH+nyTLGFbbxfUgoi"},"_chains":{"BbShD3pzF9PEClhTlgmKQHDm/5ccWqb+4/qgtdhCh/8l":{"chainKey":{"counter":0},"chainType":2,"messageKeys":{}},"Be8yh2qLWoRusva9IpTAePPQJ0+lD2vgwRda/YsnH2xV":{"chainKey":{"counter":0,"key":"u3GF2x3V9B3VL8ZVYBOhJN7SUj/FcXfUCt+pQu4xP9A="},"chainType":2,"messageKeys":{}},"BTgkXYVaiIbAdUtmteNoQMNUOvHRK9MorCI33BQEM24m":{"chainKey":{"counter":-1,"key":"aySSKnRhE543DiPsB8pjti58bNrTgD5pJMb8f4HDaSg="},"chainType":1,"messageKeys":{}}}}},"version":"v1"}