{"_sessions":{"BYkSf/7SVnihQBs0uZKXIIKKABwJC1QvnYS4jPUmmJYS":{"registrationId":178936399,"currentRatchet":{"ephemeralKeyPair":{"pubKey":"Bfd2f20Hb2g5KAhWxgIOc6PV8ZHUvXoS1U/eoQMmMQEC","privKey":"mO97lPxdbkMh/Lka3k7BEaeAlqN12bI24xOjLlUR/W0="},"lastRemoteEphemeralKey":"BRUm3AAMZrGwLB0Hb7X80a9dndiAYPDWhSu9EaLgn7FQ","previousCounter":0,"rootKey":"6CPy9Urd336nTfKg53VtZ2tkCCavjuhGhiCou+huU6U="},"indexInfo":{"baseKey":"BYkSf/7SVnihQBs0uZKXIIKKABwJC1QvnYS4jPUmmJYS","baseKeyType":1,"closed":-1,"used":1742238791786,"created":1742153282273,"remoteIdentityKey":"BaYBlFJuVdNj4ppQHX0r+E9MwBMajRrP1izcX/rB/Lol"},"_chains":{"BeBUu8tKQJicWWhNBtPyIF5AHUP7zPYyeG5jGHJuD81J":{"chainKey":{"counter":0},"chainType":2,"messageKeys":{}},"BRUm3AAMZrGwLB0Hb7X80a9dndiAYPDWhSu9EaLgn7FQ":{"chainKey":{"counter":0,"key":"8YGc9mpjUu37eO+2kLDWEzSl+SQ2fqSBaAJ/LEbn9jU="},"chainType":2,"messageKeys":{}},"Bfd2f20Hb2g5KAhWxgIOc6PV8ZHUvXoS1U/eoQMmMQEC":{"chainKey":{"counter":-1,"key":"3md0bXWJDB86XGK/7gQQ5rvDN/IbZUGd93ECdV4TvGA="},"chainType":1,"messageKeys":{}}}}},"version":"v1"}