{"_sessions":{"BX6weSiXZ2d8tpJjyBl9Gc5+UzuG7GZmW0O0eM9nutUQ":{"registrationId":1169329177,"currentRatchet":{"ephemeralKeyPair":{"pubKey":"BQcH8f9STy0siT700nKGOpY+ZPnPQqnAyZzlh8XVC1tK","privKey":"0N4xPqYEDyzpaz8VrUeb5ZMLdeLHtHSh4xM98/kosH0="},"lastRemoteEphemeralKey":"BQmqDHjGEIB82Ap6W61aKVdkH4W7jhfRXf1nQ7daBKE9","previousCounter":0,"rootKey":"RnE0r79vtOrMVldlFyr184+98w9lF3rlhJD9QDQNxfE="},"indexInfo":{"baseKey":"BX6weSiXZ2d8tpJjyBl9Gc5+UzuG7GZmW0O0eM9nutUQ","baseKeyType":1,"closed":-1,"used":1742243140847,"created":1742228575083,"remoteIdentityKey":"BbkbNL3krQ+uGTvZgCdgdpSoDMViLDgj90gwJJmqmvou"},"_chains":{"BQmqDHjGEIB82Ap6W61aKVdkH4W7jhfRXf1nQ7daBKE9":{"chainKey":{"counter":0,"key":"xsJYkV8pwuBxrE3aqsUAOlGSGz7VcKyAgfUqTHLbYIs="},"chainType":2,"messageKeys":{}},"BQcH8f9STy0siT700nKGOpY+ZPnPQqnAyZzlh8XVC1tK":{"chainKey":{"counter":-1,"key":"n9IjjsNRqCEyWOWE5erIg+1hHowsHyu/TG4XHMTN2GQ="},"chainType":1,"messageKeys":{}}}}},"version":"v1"}