{"_sessions":{"Bbt4TBzfDnK+etwk0dByAiKGKKDA8Ypdr45S72apxRNz":{"registrationId":1733913431,"currentRatchet":{"ephemeralKeyPair":{"pubKey":"BQs99NvXqzUCixTK/75EJ769t5AYaRuTBkz/aNEPqgNb","privKey":"oBDCInSn76TnzPZHsnGsXaYnwqs3LMo0kVYEapwxDXM="},"lastRemoteEphemeralKey":"BWDCn2nALgojN4mNZa3Oya0Db24Q/8gNouOk3urRhQFe","previousCounter":0,"rootKey":"fGxSZ7aBCCjRTbo+5nM3G3231/AcNm8Bhasa5ZCPy2I="},"indexInfo":{"baseKey":"Bbt4TBzfDnK+etwk0dByAiKGKKDA8Ypdr45S72apxRNz","baseKeyType":1,"closed":-1,"used":1742248404526,"created":1742228710476,"remoteIdentityKey":"BdoHZ6fVkjsW/LVTHe8z0EI9jLwoVcFuKLNKSckXXVQH"},"_chains":{"BWDCn2nALgojN4mNZa3Oya0Db24Q/8gNouOk3urRhQFe":{"chainKey":{"counter":0,"key":"luvIGULMppiz/LoHH4ErXpycVEB7QBUxJCeppnNfchw="},"chainType":2,"messageKeys":{}},"BQs99NvXqzUCixTK/75EJ769t5AYaRuTBkz/aNEPqgNb":{"chainKey":{"counter":-1,"key":"6M/oWliYdnT9wbG57BcEb3I04TXuJNzl61OilqxNZ/s="},"chainType":1,"messageKeys":{}}}}},"version":"v1"}