{"_sessions":{"Bes/287a//awgbAYFSf0DFbiu2NLUJlKgknkF5i2XlN+":{"registrationId":436405610,"currentRatchet":{"ephemeralKeyPair":{"pubKey":"BVzrZ2JvoNmvzFLgFxVcNdH2X8nbj6MfxcNU7eFT1PIv","privKey":"AHoQJsu9EZz47DvodJMWBtczbXmV7vShV2T38ME4v3M="},"lastRemoteEphemeralKey":"BWrFoyXd0h5kLZNDyVWp5WT7ZLHx251uYm685w99pvpB","previousCounter":16,"rootKey":"bKy0g3Xe33bVxXxMEs2BlJEZo/HdGBrup4qQlehBmUw="},"indexInfo":{"baseKey":"Bes/287a//awgbAYFSf0DFbiu2NLUJlKgknkF5i2XlN+","baseKeyType":2,"closed":-1,"used":1742245007731,"created":1742153279587,"remoteIdentityKey":"BbasndEzpEu2UHtM9ibM9HCX7gdaqMqXN/Qc/w/bK284"},"_chains":{"BaaZnU4+DePxlb6Vtez6dOY4gfh4mm3T/SJ/5LnNKCMC":{"chainKey":{"counter":0},"chainType":2,"messageKeys":{}},"BWrFoyXd0h5kLZNDyVWp5WT7ZLHx251uYm685w99pvpB":{"chainKey":{"counter":0,"key":"G1Sr3fPPg3XC/Lng2kWqWsrbvUYyZmmd9UWvJ7c2h1M="},"chainType":2,"messageKeys":{}},"BVzrZ2JvoNmvzFLgFxVcNdH2X8nbj6MfxcNU7eFT1PIv":{"chainKey":{"counter":-1,"key":"uRUMSQ5t7mP4RaeVSt4ulOvcnQF+c/G3Cn0hDQW2w0o="},"chainType":1,"messageKeys":{}}}}},"version":"v1"}