{"_sessions":{"BUOwcnA5Df2FEOyhC/ZJtdYwv8IOVlX84ITMfmOXbEQT":{"registrationId":1137893960,"currentRatchet":{"ephemeralKeyPair":{"pubKey":"BbQklceJU0revYrYNLJnRnlxVDh8aXggVtfhJtr/AsBr","privKey":"aI9TyRc+0baLfatJ62TvlHDBXvyF43Bt2SiV5MyrzEM="},"lastRemoteEphemeralKey":"BQFyqTb3mRkr9TM1HSO+4BNbVRzpIWN7+YIzJzjEwL4W","previousCounter":0,"rootKey":"2EQFQeRz9L1FMACuOzA9IhI6ucYkPCQnVsibJ4yj7Ng="},"indexInfo":{"baseKey":"BUOwcnA5Df2FEOyhC/ZJtdYwv8IOVlX84ITMfmOXbEQT","baseKeyType":1,"closed":-1,"used":1742228575095,"created":1742228575095,"remoteIdentityKey":"BenoOVQSru4LBgQb0a7f9Cnm1i8PugNDnr0l10ik1vBX"},"_chains":{"BbQklceJU0revYrYNLJnRnlxVDh8aXggVtfhJtr/AsBr":{"chainKey":{"counter":0,"key":"JZu2Kd/6YGG9xQFptulRoy4NLLOK2fKdilq4/RBDu2M="},"chainType":1,"messageKeys":{}}},"pendingPreKey":{"signedKeyId":905903,"baseKey":"BUOwcnA5Df2FEOyhC/ZJtdYwv8IOVlX84ITMfmOXbEQT","preKeyId":3082}}},"version":"v1"}