{"_sessions":{"BTNmWc5JVjEybPgECFzGH3iWoAa4iHV9V/fZn0oEa9Uy":{"registrationId":1788444877,"currentRatchet":{"ephemeralKeyPair":{"pubKey":"BcYJhPLtNNpaO5yd0F76iAcKTKufFL60IemrEeaYpZx/","privKey":"IAg0ckBzx0OLR3nnZlkQ/smzEErKiF4XEo297BDV6lc="},"lastRemoteEphemeralKey":"BdT4lY7faK6dVAKzsDde5gMZ4yhFGnrN8E4o+q77oQZv","previousCounter":0,"rootKey":"Jd9P7ARMN4OURhA6rKfrVY0yQMsA+6WtbGAHZ8NzQ+Y="},"indexInfo":{"baseKey":"BTNmWc5JVjEybPgECFzGH3iWoAa4iHV9V/fZn0oEa9Uy","baseKeyType":1,"closed":-1,"used":1742228575040,"created":1742228575040,"remoteIdentityKey":"BQ2Z7+jZ+PS6ChsTC53ucQp78ThDLOKU3w1Vvi8DH60K"},"_chains":{"BcYJhPLtNNpaO5yd0F76iAcKTKufFL60IemrEeaYpZx/":{"chainKey":{"counter":0,"key":"xxDSkLjk7W7BgcD2E3tWh6FXqzUPuHUDo9eS740DWrI="},"chainType":1,"messageKeys":{}}},"pendingPreKey":{"signedKeyId":12,"baseKey":"BTNmWc5JVjEybPgECFzGH3iWoAa4iHV9V/fZn0oEa9Uy","preKeyId":1257}}},"version":"v1"}