{"_sessions":{"BTU2LZyzkLW8+olli+LQITVKy6QIp2zHwibKy5bOfapu":{"registrationId":717467817,"currentRatchet":{"ephemeralKeyPair":{"pubKey":"BeC4FpV6DRv4w6/2avmuYzJRwlyr5HOfvsd1jVfNnAwh","privKey":"ANF6gM+93ThHbJ7v7YF0j1jzfsgsL3+DOojb1VP/QEc="},"lastRemoteEphemeralKey":"BR5zXFD0XScViDm60dMQ2fi6WRXp2dIDgDD4R3AMtLFe","previousCounter":0,"rootKey":"QyF1jj31u2cq03kf734Ex8Yh8ihf6Uy1Lv7c/K1bgJk="},"indexInfo":{"baseKey":"BTU2LZyzkLW8+olli+LQITVKy6QIp2zHwibKy5bOfapu","baseKeyType":2,"closed":-1,"used":1742238776680,"created":1742238776680,"remoteIdentityKey":"BVpqkcVN7LCEvUw/pVh0CGIvw9adRXZXSNw9egGnULYa"},"_chains":{"BR5zXFD0XScViDm60dMQ2fi6WRXp2dIDgDD4R3AMtLFe":{"chainKey":{"counter":0,"key":"GNymztKJ8rq/xslRuERkOmJpZGs4fJn3a14kVX/Jknc="},"chainType":2,"messageKeys":{}},"BeC4FpV6DRv4w6/2avmuYzJRwlyr5HOfvsd1jVfNnAwh":{"chainKey":{"counter":0,"key":"2KjZKvUDjZEVVrdntkZ9XUGuUDTp0lwPo6Uk+EI3Ba4="},"chainType":1,"messageKeys":{}}}}},"version":"v1"}