{"_sessions":{"BUZ9w8Y+SD0KGo5ayOomlpMAnNDznmL3nQTefdC9TXNF":{"registrationId":8693,"currentRatchet":{"ephemeralKeyPair":{"pubKey":"BYyFi94GorHidujSpXOlxz8YsZcO8EHpyiG0kCKl6mtX","privKey":"SAzP8Wtcbj5pqB5oVkVho7ywXEbEkj60PAbXPaddJWk="},"lastRemoteEphemeralKey":"Bfu2zU6g2xfn5Wq9pPx3+TJvQ8FK829eVHkU2MnU+xh+","previousCounter":0,"rootKey":"iEGW5wq86vmcG8dbTNWxgfFNch2hLE+MPD5/5kq2b6k="},"indexInfo":{"baseKey":"BUZ9w8Y+SD0KGo5ayOomlpMAnNDznmL3nQTefdC9TXNF","baseKeyType":1,"closed":-1,"used":1742228575026,"created":1742228575026,"remoteIdentityKey":"BXHNC+YoHPhp+NhauuwHKpZorhJlDrwE31at2TTPDuUY"},"_chains":{"BYyFi94GorHidujSpXOlxz8YsZcO8EHpyiG0kCKl6mtX":{"chainKey":{"counter":0,"key":"RbuC8xMr8MHZoxTtx4FX/LMk1uFvTnEGzTzJL7qv96Y="},"chainType":1,"messageKeys":{}}},"pendingPreKey":{"signedKeyId":1,"baseKey":"BUZ9w8Y+SD0KGo5ayOomlpMAnNDznmL3nQTefdC9TXNF","preKeyId":726}}},"version":"v1"}