{"_sessions":{"BXgbMmUaIZPx/3QNvnsYPxJ8SfULnkBIPiH2GA3MWn9q":{"registrationId":1994845193,"currentRatchet":{"ephemeralKeyPair":{"pubKey":"BdMwjT/uZMttpjFwmF0813cWWkW568NYrvwsj3j4bbQ3","privKey":"YFaNGKZtW8xL7kLJYHBTeYnbjEYvx3AnlZAoiv3qiWg="},"lastRemoteEphemeralKey":"Bdu8tSFEDCy8mSj6mj417WT570bdEesUReQy1bsoAtUQ","previousCounter":0,"rootKey":"3a1xWXWMD4kj2XM7k3L+A2VWD40KcGAs23tRGd3wm00="},"indexInfo":{"baseKey":"BXgbMmUaIZPx/3QNvnsYPxJ8SfULnkBIPiH2GA3MWn9q","baseKeyType":2,"closed":-1,"used":1742238786949,"created":1742238755786,"remoteIdentityKey":"BaZS41305hkT2UstVuB0YOwkdU9N4iI/KoGys1GtV1Vq"},"_chains":{"BazHu6u6yZEKgihoBmqNgF8Ri2tS6ZGnFRNvlU7DEw0a":{"chainKey":{"counter":2},"chainType":2,"messageKeys":{"0":"AyLc/z+bcbP5jR8tmYhnWkBBPpk5gbHTCqUsa0fyKwE="}},"Ba2OX9s3LVt74c6Zq2pAK6B3VwXBhCrBWT4Ez4YlKfBk":{"chainKey":{"counter":0},"chainType":2,"messageKeys":{}},"Bdu8tSFEDCy8mSj6mj417WT570bdEesUReQy1bsoAtUQ":{"chainKey":{"counter":0,"key":"ulzf4Kq5JO3uft8ffFt/mND9eSanN37dvmRBkXDW5N4="},"chainType":2,"messageKeys":{}},"BdMwjT/uZMttpjFwmF0813cWWkW568NYrvwsj3j4bbQ3":{"chainKey":{"counter":0,"key":"u7LDDLPTWWyMfq0E8c+xHBoXntXk6z+YOM9pAGjvfZc="},"chainType":1,"messageKeys":{}}}}},"version":"v1"}