{"_sessions":{"BbzDKiHMlh2kXvXR9bbglEfx2ghHMP4rFvuVCQuHkvhD":{"registrationId":865207686,"currentRatchet":{"ephemeralKeyPair":{"pubKey":"Bf2/7S3Vj9lmAUA5qp3P7E8ip9Rzj6NpeRBh/kDv+uAQ","privKey":"WOIpnw24WHWi5MQowzh39putXtjRFoLpmIgY9+NRHmk="},"lastRemoteEphemeralKey":"BX/6etIW07EQlyOrto3oNWvMRrDdeko6IeOUNnvOdt15","previousCounter":0,"rootKey":"8NoxDn+hQckreZFJq5YDBw5xSOQz7HVO26HJCiLeoj0="},"indexInfo":{"baseKey":"BbzDKiHMlh2kXvXR9bbglEfx2ghHMP4rFvuVCQuHkvhD","baseKeyType":2,"closed":-1,"used":1742235844956,"created":1742228573558,"remoteIdentityKey":"Ba+CtcyoRD5BOxFAesH8fd5sGViCqL4Su39QlXMIcl1N"},"_chains":{"BcHq/EJ7tCGLKKZVxPzsTMDFpJqbGwh70C2QFZBJojpK":{"chainKey":{"counter":0},"chainType":2,"messageKeys":{}},"BbQ2pyEDQTgbs9Zn0dyoG9L6jyRkxGiOSEiLsQdG3Jgp":{"chainKey":{"counter":0},"chainType":2,"messageKeys":{}},"BX/6etIW07EQlyOrto3oNWvMRrDdeko6IeOUNnvOdt15":{"chainKey":{"counter":0,"key":"ryyMT34fXSiVJqh1dfdJUzwuKWDm7cyZ5CH6OekcWJ4="},"chainType":2,"messageKeys":{}},"Bf2/7S3Vj9lmAUA5qp3P7E8ip9Rzj6NpeRBh/kDv+uAQ":{"chainKey":{"counter":-1,"key":"w46RCjxXU4t866Rdd8IBg/TKYp2wD7fZ/aeoWNUdwfc="},"chainType":1,"messageKeys":{}}}}},"version":"v1"}