{"_sessions":{"BU6jgSNGnlsdsK+EHkSUflpODP1YtkxbsRCoWMNrbJgH":{"registrationId":1039719274,"currentRatchet":{"ephemeralKeyPair":{"pubKey":"BW/3yDnvc/uC708DADmq70P+dKW1sTw73/0k718vFrZQ","privKey":"0K+nd5Rk5FD7GKBJ/bi6m//bK8+rLWvrP7Yb5nM5als="},"lastRemoteEphemeralKey":"BbzolT/CZCliwbzUMjI5Kawru8cqhi+zmiy7i7c1ymEj","previousCounter":0,"rootKey":"3CkZ8CEHBGDHLCZpePnFKHcD1l4RwYR6T/LyNhPbXuM="},"indexInfo":{"baseKey":"BU6jgSNGnlsdsK+EHkSUflpODP1YtkxbsRCoWMNrbJgH","baseKeyType":1,"closed":-1,"used":1742228575014,"created":1742228575014,"remoteIdentityKey":"BXprMSPHiuM8CMxlha3WgkfVtUGT/+Qub9oo52UPSmpG"},"_chains":{"BW/3yDnvc/uC708DADmq70P+dKW1sTw73/0k718vFrZQ":{"chainKey":{"counter":0,"key":"X4kGO+xR+CBkAnFuwzAT//DWW/SOsLIBMfIpYWDTrY8="},"chainType":1,"messageKeys":{}}},"pendingPreKey":{"signedKeyId":144,"baseKey":"BU6jgSNGnlsdsK+EHkSUflpODP1YtkxbsRCoWMNrbJgH","preKeyId":3125}}},"version":"v1"}