{"_sessions":{"BWrPu3KNnDt3lMOG7kxp6kVaujiVdwSF2ihv461wycpj":{"registrationId":1534754406,"currentRatchet":{"ephemeralKeyPair":{"pubKey":"BbPPItVjt388WUfC9vvDX95jxq/+ZyH5pvTn3Ggoc75b","privKey":"qNQ3jhbvxS/e0fsDBEOf9jN18uPedFByEwYENC0l4ms="},"lastRemoteEphemeralKey":"BQIyAsFqYkBh5q0attozZtBruGzlWZ3YaKqKC3nykRRr","previousCounter":0,"rootKey":"BHdeiKnzLckPIEKe226Nc3yD0z3X/psSLYrDExKoMXE="},"indexInfo":{"baseKey":"BWrPu3KNnDt3lMOG7kxp6kVaujiVdwSF2ihv461wycpj","baseKeyType":1,"closed":-1,"used":1742240347215,"created":1742240347215,"remoteIdentityKey":"Bbj5qxnDY/v1LmyJ800y2rdoOFY4t4pzX7IYc9dAsUUW"},"_chains":{"BbPPItVjt388WUfC9vvDX95jxq/+ZyH5pvTn3Ggoc75b":{"chainKey":{"counter":0,"key":"aGlxkmbSyhGz4bjxT7h0TQa4ZJpsXjYtpcNcXesLZU0="},"chainType":1,"messageKeys":{}}},"pendingPreKey":{"signedKeyId":1,"baseKey":"BWrPu3KNnDt3lMOG7kxp6kVaujiVdwSF2ihv461wycpj","preKeyId":45}}},"version":"v1"}