{"_sessions":{"BRfNerhAAI2tGW1hZalNn9iP9iqVtZ+Z1Oy2dKfVe50h":{"registrationId":312740303,"currentRatchet":{"ephemeralKeyPair":{"pubKey":"Bba7Yp8trt/fYaMn26MOtTyZl0CPJQPpt9QAX4M1Bbp5","privKey":"sJcS4Jr6DBWX8kEroCLyiOSiG601tsyuI1WUjILflVc="},"lastRemoteEphemeralKey":"BUrvRRvYam9NkN28hlBDqz5DhOEvdf77ClSEMsuvsK1E","previousCounter":0,"rootKey":"KWv9bJKeb8UUhFdtrMONKMEFcreLNFiUlsjfHD+LBy8="},"indexInfo":{"baseKey":"BRfNerhAAI2tGW1hZalNn9iP9iqVtZ+Z1Oy2dKfVe50h","baseKeyType":1,"closed":-1,"used":1742166989444,"created":1742166989444,"remoteIdentityKey":"BbHAm7Lffqhnd9ZCvelRC58oewo3oP0PhCn/zqpZlEAX"},"_chains":{"Bba7Yp8trt/fYaMn26MOtTyZl0CPJQPpt9QAX4M1Bbp5":{"chainKey":{"counter":8,"key":"MznNHq9GvJ5edg3l6ohjBMyasliVKWyvlznmirXb1gc="},"chainType":1,"messageKeys":{}}},"pendingPreKey":{"signedKeyId":0,"baseKey":"BRfNerhAAI2tGW1hZalNn9iP9iqVtZ+Z1Oy2dKfVe50h"}}},"version":"v1"}