{"_sessions":{"BUgInE9k2jlu4jh9D4q0EQIsd3jHQ5LTVFaNvWKKffIK":{"registrationId":922979212,"currentRatchet":{"ephemeralKeyPair":{"pubKey":"BUjzswzQBzjkV6H6oO/QrvMDdXZmaIsaeAyNbWgoh8Ma","privKey":"wOhHQJ6vhTL3vPJZuGd/pLqbCjkbxL2/IyAhQveIYVY="},"lastRemoteEphemeralKey":"BQb7o5q6ygeH/a6O9WGVizKVjF51nyQosQosQzZ+LEUv","previousCounter":0,"rootKey":"shWHVUFEcaQG9SUDAA9NVIQq9oU1oSNiS1cLqyc5/c4="},"indexInfo":{"baseKey":"BUgInE9k2jlu4jh9D4q0EQIsd3jHQ5LTVFaNvWKKffIK","baseKeyType":1,"closed":-1,"used":1742228575112,"created":1742228575112,"remoteIdentityKey":"Bf831i0WHUphYcdOvZqbUz+esedBMmbzh7ztcUc4QRR/"},"_chains":{"BUjzswzQBzjkV6H6oO/QrvMDdXZmaIsaeAyNbWgoh8Ma":{"chainKey":{"counter":0,"key":"OSWAM+jfXq0N/wbaCcWE4FdAickHYxL/7dZjJT76ykA="},"chainType":1,"messageKeys":{}}},"pendingPreKey":{"signedKeyId":3,"baseKey":"BUgInE9k2jlu4jh9D4q0EQIsd3jHQ5LTVFaNvWKKffIK","preKeyId":1554056}}},"version":"v1"}