{"_sessions":{"Bf3vBI60ZmCo+Ow9twK7daMF0r0PlJfb+dkyF88oVWc6":{"registrationId":726431232,"currentRatchet":{"ephemeralKeyPair":{"pubKey":"BWteLd9pn4jVTB5l43V6wwHVzqMmzxsK863q2mNXlBwZ","privKey":"qAnvzyB386gvhJIPy8PWQ+LpQnpDX3Zl5+Qjw3hDCVA="},"lastRemoteEphemeralKey":"Bc5zWC4uooZAwDkbTdsBIEz52V/SbXA/+L+rhWClS9Nv","previousCounter":0,"rootKey":"lGqYYm6YxRlmGDjdEHLGbgUe+sSCyUosHSKvSALxMDI="},"indexInfo":{"baseKey":"Bf3vBI60ZmCo+Ow9twK7daMF0r0PlJfb+dkyF88oVWc6","baseKeyType":2,"closed":-1,"used":1742167238799,"created":1742166987796,"remoteIdentityKey":"BaSmVOgDD3DGTq3TYW1jcmcjJA+vNG8h1/rVu5lLw+oj"},"_chains":{"BYM5ayjMnDGpr8Wiqw3JlaT0c3viBNBSL3vFw77/bBkL":{"chainKey":{"counter":0},"chainType":2,"messageKeys":{}},"BY3yf8zSdef39GfQ4GkVkD4h5JUz1sqlPP4eGqILCtkr":{"chainKey":{"counter":1},"chainType":2,"messageKeys":{}},"BSl5cICyCGeOGBEKuMLqqQxTvWs5Mn/ATf0m3GECRmd9":{"chainKey":{"counter":1},"chainType":2,"messageKeys":{}},"BRw2bKT03pYPnTcsZJCXflbOafbPi/m/7Oe6qP35HXUj":{"chainKey":{"counter":1},"chainType":2,"messageKeys":{}},"BfidfxIZrq92+yyiWRv24Q5iEiZAvPVf7odZ7kFFFNkM":{"chainKey":{"counter":3},"chainType":2,"messageKeys":{}},"BfSCV4uViQEclFrb/KgkDS+bjZpRJF8iqSIR81qLpegT":{"chainKey":{"counter":1},"chainType":2,"messageKeys":{}},"BZ6z2bZG0TrP4RS/CqIKEz7J7dU/faHjFyDbvqcstEIh":{"chainKey":{"counter":1},"chainType":2,"messageKeys":{}},"BX9170u9nYQcxZExIWgkGUowWvtQEKb3Zs7qdhRZ81ce":{"chainKey":{"counter":1},"chainType":2,"messageKeys":{}},"Bc5zWC4uooZAwDkbTdsBIEz52V/SbXA/+L+rhWClS9Nv":{"chainKey":{"counter":0,"key":"68p3Z21zEQq19I62B7/Ww/vcTTjfjkHThPouqgNrlTk="},"chainType":2,"messageKeys":{}},"BWteLd9pn4jVTB5l43V6wwHVzqMmzxsK863q2mNXlBwZ":{"chainKey":{"counter":-1,"key":"bQUkwo1yqDsUJgaP5m2nmTB3xW0UeKJnla8wfifTWFw="},"chainType":1,"messageKeys":{}}}}},"version":"v1"}